confidence,confluence,p_success,atr,atr_pct,approx_stop_pct,minutes_since_midnight,minutes_to_eod_flatten,belief_posterior,qty,risk_rupees,is_futures,is_contaminated_futures,is_clean,is_short_hold,is_quality_hold,hold_bucket,exit_quality,y_binary,honest_pnl,y_R,hold_sec,symbol,signal_id,buy_time,sell_time,buy_price,sell_price,fees,atr_source,model_version,feature_hash,regime_id,meta_prob,portfolio_heat_at_entry
0.597034875511702,73.6,0.6764270463849127,22.144148857780333,0.0169634965862053,0.025445244879308,445,134.55340661666668,0.251207729468599,1.0,33.2162232866705,0,0,1,0,1,>15m,quality,1,1.9099267578125,0.0574998169216589,8014.611162,RELIANCE,147,2026-08-14 07:25:26.795603,2026-08-14 09:39:01.406765,1305.4000244140625,1309.699951171875,2.39,price_bars,v3_baseline,f5345ea443dc,0,,
0.597034875511702,73.6,0.6764270463849127,6.81638308748654,0.0213914427053178,0.0320871640579768,469,110.12204475,0.251207729468599,2.0,20.44914926245962,0,0,1,0,1,>15m,quality,0,-2.37001220703125,-0.1158978389082473,6548.740686,BPCL,571,2026-08-14 07:49:52.677315,2026-08-14 09:39:01.418001,318.6499938964844,318.04998779296875,1.17,price_bars,v3_baseline,a23d3eb8bbde,0,,
0.597034875511702,73.6,0.6764270463849127,6.290911349022943,0.025093384226573,0.0376400763398596,469,110.1219125,0.251207729468599,3.0,28.309101070603248,0,0,1,0,1,>15m,quality,0,-3.4699908447265626,-0.122575098236866,6548.736512,JIOFIN,583,2026-08-14 07:49:52.685250,2026-08-14 09:39:01.421762,250.6999969482422,250.0,1.37,price_bars,v3_baseline,e56b6470b376,0,,
0.597034875511702,73.6,0.6764270463849127,3.643034173190915,0.0197465123568761,0.0296197685353142,469,110.12184618333336,0.251207729468599,3.0,16.393653779359116,0,0,1,0,1,>15m,quality,0,-2.1200311279296877,-0.1293202330891586,6548.735414,WIPRO,590,2026-08-14 07:49:52.689229,2026-08-14 09:39:01.424643,184.4900054931641,184.1199951171875,1.01,price_bars,v3_baseline,014e6903924f,0,,
0.5845254859939495,70.4,0.6536827018071808,1.8874913676351763,0.0509306880111311,0.0763960320166967,469,110.12178411666667,0.251207729468599,2.0,5.662474102905529,0,0,1,0,1,>15m,quality,0,-0.5200048828125,-0.0918335118823192,6548.734422,VISL,540,2026-08-14 07:49:52.692953,2026-08-14 09:39:01.427375,37.060001373291016,36.869998931884766,0.14,price_bars,v3_baseline,cb521d20d461,0,,
0.597034875511702,73.6,0.6764270463849127,35.47398585835256,0.017760080817441,0.0266401212261616,477,102.54488958333332,0.251207729468599,4.0,212.84391515011535,0,0,1,0,1,>15m,quality,0,-43.7801953125,-0.2056915523360042,6094.123507,BHARTIARTL,1575,2026-08-14 07:57:27.306625,2026-08-14 09:39:01.430132,1997.4000244140625,1990.0999755859373,14.58,price_bars,v3_baseline,82272e72fee3,0,,
0.597034875511702,73.6,0.6764270463849127,29.39731558550506,0.0252012992588984,0.0378019488883476,478,101.45065951666668,0.251207729468599,6.0,264.57584026954555,0,0,1,0,1,>15m,quality,0,-9.46970703125,-0.0357920323397722,6028.45451,INFY,1864,2026-08-14 07:58:32.960429,2026-08-14 09:39:01.414939,1166.5,1169.800048828125,29.27,price_bars,v3_baseline,e66882d55593,0,,
0.597034875511702,73.6,0.6764270463849127,27.986986297753354,0.0257091557279242,0.0385637335918863,520,59.9964428,0.251207729468599,3.0,125.94143833989008,0,0,1,0,1,>15m,quality,0,-8.6600732421875,-0.0687626992064021,3541.219491,BAJFINANCE,7308,2026-08-14 08:40:00.213432,2026-08-14 09:39:01.432923,1088.5999755859375,1087.699951171875,5.96,price_bars,v3_baseline,ccef38df16f8,0,,
0.597034875511702,73.6,0.6764270463849127,32.384658235464954,0.0237337180179296,0.0356005770268944,520,59.99610621666667,0.251207729468599,1.0,48.57698735319743,0,0,1,0,1,>15m,quality,0,-5.689951171875,-0.1171326482332889,3541.202032,HCLTECH,7311,2026-08-14 08:40:00.233627,2026-08-14 09:39:01.435659,1364.5,1361.300048828125,2.49,price_bars,v3_baseline,c9c7a751fca4,0,,
0.597034875511702,73.6,0.6764270463849127,1257.3167977773053,0.0216821352534479,0.0325232028801718,520,59.99586035,0.251207729468599,0.0156,29.421213067988944,0,0,1,0,1,>15m,quality,0,-19.533586116821304,-0.6639286446714994,3541.190237,BNBUSDT,7388,2026-08-14 08:40:00.248379,2026-08-14 09:39:01.438616,57988.6059689331,58033.24788452148,20.23,price_bars,v3_baseline,e5a8eecfcdfc,0,,
0.597034875511702,73.6,0.6764270463849127,28.351096530149395,0.0339132523133321,0.0508698784699982,520,59.99574251666666,0.251207729468599,0.3791,16.121851041869455,0,0,1,0,1,>15m,quality,0,-6.088198910473592,-0.3776364695754947,3541.186307,LINKUSDT,7393,2026-08-14 08:40:00.255449,2026-08-14 09:39:01.441756,835.9887240600585,838.6313014526368,7.09,price_bars,v3_baseline,84e7d5dc24a9,0,,
0.597034875511702,73.6,0.6764270463849127,29.39731558550506,0.077350159770993,0.1160252396564896,520,59.99564023333333,0.251207729468599,0.05,2.20479866891288,1,1,0,1,0,<1m,scratch,1,39.42725082397461,17.882472163961804,0.158618,INFY.F,7403,2026-08-14 08:40:00.261586,2026-08-14 08:40:00.420204,380.0550079345703,1169.4000244140625,0.04,price_bars,v3_baseline,00c332c656c9,0,,
0.622034875511702,73.6,0.6764270463849127,29.39731558550506,0.077350159770993,0.1160252396564896,520,59.97425088333333,0.251207729468599,0.05,2.20479866891288,1,1,0,1,0,1-2m,scratch,1,39.42725082397461,17.882472163961804,60.115372,INFY.F,7527,2026-08-14 08:40:01.544947,2026-08-14 08:41:01.660319,380.0550079345703,1169.4000244140625,0.04,price_bars,v3_baseline,9118e29c37e5,0,,
0.642034875511702,73.6,0.6764270463849127,29.39731558550506,0.077350159770993,0.1160252396564896,521,58.95572791666667,0.251207729468599,0.05,2.20479866891288,1,1,0,1,0,1-2m,scratch,1,39.42725082397461,17.882472163961804,60.091958,INFY.F,7651,2026-08-14 08:41:02.656325,2026-08-14 08:42:02.748283,380.0550079345703,1169.4000244140625,0.04,price_bars,v3_baseline,e6db9d66f1c0,0,,
0.6583985118753384,73.6,0.6764270463849127,29.39731558550506,0.077350159770993,0.1160252396564896,522,57.93769745,0.251207729468599,0.05,2.20479866891288,1,1,0,1,0,1-2m,scratch,1,39.31724716186524,17.83257932627989,115.001892,INFY.F,7899,2026-08-14 08:42:03.738153,2026-08-14 08:43:58.740045,380.0550079345703,1167.199951171875,0.04,price_bars,v3_baseline,b92611c48233,0,,
0.672034875511702,73.6,0.6764270463849127,29.39731558550506,0.077495958283596,0.116243937425394,523,56.00433993333333,0.251207729468599,0.05,2.20479866891288,1,1,0,1,0,1-2m,scratch,1,39.35299835205078,17.848794498526512,60.140243,INFY.F,8150,2026-08-14 08:43:59.739604,2026-08-14 08:44:59.879847,379.3399841308594,1167.199951171875,0.04,price_bars,v3_baseline,8695627935b7,0,,
0.6835733370501635,73.6,0.6764270463849127,29.39731558550506,0.077495958283596,0.116243937425394,525,54.984829350000005,0.251207729468599,0.05,2.20479866891288,1,1,0,1,0,1-2m,scratch,1,39.35299835205078,17.848794498526512,60.090165,INFY.F,8278,2026-08-14 08:45:00.910239,2026-08-14 08:46:01.000404,379.3399841308594,1167.199951171875,0.04,price_bars,v3_baseline,c9185721aee0,0,,
0.6934634469402734,73.6,0.6764270463849127,29.39731558550506,0.077495958283596,0.116243937425394,526,53.96644041666666,0.251207729468599,0.05,2.20479866891288,1,1,0,1,0,1-2m,scratch,1,39.35299835205078,17.848794498526512,60.126003,INFY.F,8406,2026-08-14 08:46:02.013575,2026-08-14 08:47:02.139578,379.3399841308594,1167.199951171875,0.04,price_bars,v3_baseline,8fefd417f891,0,,
0.702034875511702,73.6,0.6764270463849127,29.39731558550506,0.077495958283596,0.116243937425394,527,52.94654585,0.251207729468599,0.05,2.20479866891288,1,1,0,1,0,1-2m,scratch,1,39.35299835205078,17.848794498526512,60.065769,INFY.F,8662,2026-08-14 08:47:03.207249,2026-08-14 08:48:03.273018,379.3399841308594,1167.199951171875,0.04,price_bars,v3_baseline,91369ca7acde,0,,
0.709534875511702,73.6,0.6764270463849127,29.39731558550506,0.077495958283596,0.116243937425394,528,51.927668616666665,0.251207729468599,0.05,2.20479866891288,1,1,0,1,0,1-2m,scratch,1,39.37299957275391,17.857866175222046,102.766945,INFY.F,8790,2026-08-14 08:48:04.339883,2026-08-14 08:49:47.106828,379.3399841308594,1167.5999755859375,0.04,price_bars,v3_baseline,be7e28ce596b,0,,
0.7161525225705255,73.6,0.6764270463849127,29.39731558550506,0.0774694078588334,0.1162041117882501,529,50.19798956666667,0.251207729468599,0.05,2.20479866891288,1,1,0,1,0,1-2m,scratch,1,39.36649917602539,17.854917880296,60.130762,INFY.F,8918,2026-08-14 08:49:48.120626,2026-08-14 08:50:48.251388,379.4699920654297,1167.5999755859375,0.04,price_bars,v3_baseline,bebcce890572,0,,
0.7220348755117021,73.6,0.6764270463849127,29.39731558550506,0.0774694078588334,0.1162041117882501,530,49.17913848333333,0.251207729468599,0.05,2.20479866891288,1,1,0,1,0,1-2m,scratch,1,39.36649917602539,17.854917880296,60.084481,INFY.F,9046,2026-08-14 08:50:49.251691,2026-08-14 08:51:49.336172,379.4699920654297,1167.5999755859375,0.04,price_bars,v3_baseline,d231656d8262,0,,
0.7272980334064388,73.6,0.6764270463849127,29.39731558550506,0.0774694078588334,0.1162041117882501,531,48.15879908333333,0.251207729468599,0.05,2.20479866891288,1,1,0,1,0,1-2m,scratch,1,39.36649917602539,17.854917880296,60.089661,INFY.F,9174,2026-08-14 08:51:50.472055,2026-08-14 08:52:50.561716,379.4699920654297,1167.5999755859375,0.04,price_bars,v3_baseline,b0bc5a843d7e,0,,
0.7320348755117021,73.6,0.6764270463849127,198.58222801017348,0.0250606914042075,0.0375910371063113,532,47.14005575,0.251207729468599,0.05,14.893667100763013,1,1,0,1,0,1-2m,scratch,1,822.0223486328125,55.19274353800347,60.105407,NIFTY.F,9297,2026-08-14 08:52:51.596655,2026-08-14 08:53:51.702062,7924.05224609375,24381.69921875,0.86,price_bars,v3_baseline,311c01a2cc66,0,,
0.7320348755117021,73.6,0.6764270463849127,29.39731558550506,0.0774694078588334,0.1162041117882501,532,47.13993851666667,0.251207729468599,0.05,2.20479866891288,1,1,0,1,0,1-2m,scratch,1,39.36649917602539,17.854917880296,60.104017,INFY.F,9302,2026-08-14 08:52:51.603689,2026-08-14 08:53:51.707706,379.4699920654297,1167.5999755859375,0.04,price_bars,v3_baseline,2dff043b79be,0,,
0.7402166936935202,73.6,0.6764270463849127,198.58222801017348,0.0250606914042075,0.0375910371063113,533,46.12064938333333,0.251207729468599,0.05,14.893667100763013,1,1,0,1,0,1-2m,scratch,1,821.7774267578126,55.17629883883416,91.482891,NIFTY.F,9425,2026-08-14 08:53:52.761037,2026-08-14 08:55:24.243928,7924.05224609375,24376.80078125,0.86,price_bars,v3_baseline,d81461709aee,0,,
0.7402166936935202,73.6,0.6764270463849127,29.39731558550506,0.0774694078588334,0.1162041117882501,533,46.12054251666667,0.251207729468599,0.05,2.20479866891288,1,1,0,1,0,1-2m,scratch,1,39.24149917602539,17.798223361307727,91.48151,INFY.F,9430,2026-08-14 08:53:52.767449,2026-08-14 08:55:24.248959,379.4699920654297,1165.0999755859375,0.04,price_bars,v3_baseline,4c65565d2e1b,0,,
0.747034875511702,73.6,0.6764270463849127,25.08242991392207,0.0242295509051445,0.0363443263577167,535,44.57831613333334,0.251207729468599,1.0,37.62364487088311,0,0,1,0,1,>15m,quality,0,-2.089951171875,-0.0555488756883416,2616.143464,HINDALCO,9615,2026-08-14 08:55:25.301032,2026-08-14 09:39:01.444496,1035.199951171875,1035.0,1.89,price_bars,v3_baseline,6912beb424b5,0,,
0.747034875511702,73.6,0.6764270463849127,198.58222801017348,0.0250657272672665,0.0375985909008998,535,44.578194716666665,0.251207729468599,0.05,14.893667100763013,1,1,0,1,0,1-2m,scratch,1,821.8570263671875,55.18164336606418,60.166165,NIFTY.F,9681,2026-08-14 08:55:25.308317,2026-08-14 08:56:25.474482,7922.460253906252,24376.80078125,0.86,price_bars,v3_baseline,5cc3e7d3228a,0,,
0.747034875511702,73.6,0.6764270463849127,29.39731558550506,0.0776356369582286,0.116453455437343,535,44.57808968333333,0.251207729468599,0.05,2.20479866891288,1,1,0,1,0,1-2m,scratch,1,39.28212417602539,17.816649079978916,60.166069,INFY.F,9686,2026-08-14 08:55:25.314619,2026-08-14 08:56:25.480688,378.6574920654297,1165.0999755859375,0.04,price_bars,v3_baseline,42165233ee6e,0,,
0.7528041062809327,73.6,0.6764270463849127,29.14958092123112,0.025841827057829,0.0387627405867435,536,43.55813903333333,0.251207729468599,1.0,43.72437138184667,0,0,1,0,1,>15m,quality,0,-3.1599755859375,-0.0722703491455899,2554.935555,SHRIRAMFIN,9749,2026-08-14 08:56:26.511658,2026-08-14 09:39:01.447213,1128.0,1126.9000244140625,2.06,price_bars,v3_baseline,f30981734b3a,0,,
0.7528041062809327,73.6,0.6764270463849127,198.58222801017348,0.0250657272672665,0.0375985909008998,536,43.55803076666667,0.251207729468599,0.05,14.893667100763013,1,1,0,1,0,1-2m,scratch,1,821.8570263671875,55.18164336606418,60.159687,NIFTY.F,9809,2026-08-14 08:56:26.518154,2026-08-14 08:57:26.677841,7922.460253906252,24376.80078125,0.86,price_bars,v3_baseline,e4962e5063a3,0,,
0.7528041062809327,73.6,0.6764270463849127,29.39731558550506,0.0776356369582286,0.116453455437343,536,43.55791491666666,0.251207729468599,0.05,2.20479866891288,1,1,0,1,0,1-2m,scratch,1,39.28212417602539,17.816649079978916,60.159927,INFY.F,9814,2026-08-14 08:56:26.525105,2026-08-14 08:57:26.685032,378.6574920654297,1165.0999755859375,0.04,price_bars,v3_baseline,d6872ce41f2c,0,,
0.7577491612259877,73.6,0.6764270463849127,41.750364698477625,0.0335236581660743,0.0502854872491114,537,42.53695928333333,0.251207729468599,1.0,62.62554704771644,0,0,1,0,1,>15m,quality,0,-9.4700732421875,-0.1512174134777927,2493.667552,LODHA,9893,2026-08-14 08:57:27.782443,2026-08-14 09:39:01.449995,1245.4000244140625,1238.199951171875,2.27,price_bars,v3_baseline,41c34d7245c9,0,,
0.7577491612259877,73.6,0.6764270463849127,198.58222801017348,0.0250657272672665,0.0375985909008998,537,42.53680138333333,0.251207729468599,0.05,14.893667100763013,1,1,0,1,0,1-2m,scratch,1,821.8570263671875,55.18164336606418,60.151453,NIFTY.F,9937,2026-08-14 08:57:27.791917,2026-08-14 08:58:27.943370,7922.460253906252,24376.80078125,0.86,price_bars,v3_baseline,35f6745940df,0,,
0.7577491612259877,73.6,0.6764270463849127,29.39731558550506,0.0776356369582286,0.116453455437343,537,42.536685633333335,0.251207729468599,0.05,2.20479866891288,1,1,0,1,0,1-2m,scratch,1,39.28212417602539,17.816649079978916,60.151,INFY.F,9942,2026-08-14 08:57:27.798862,2026-08-14 08:58:27.949862,378.6574920654297,1165.0999755859375,0.04,price_bars,v3_baseline,f57e5de34633,0,,
0.762034875511702,73.6,0.6764270463849127,198.58222801017348,0.0250657272672665,0.0375985909008998,538,41.51630115,0.251207729468599,0.05,14.893667100763013,1,1,0,1,0,1-2m,scratch,1,821.8570263671875,55.18164336606418,60.190688,NIFTY.F,10065,2026-08-14 08:58:29.021931,2026-08-14 08:59:29.212619,7922.460253906252,24376.80078125,0.86,price_bars,v3_baseline,fa75d74bb25d,0,,
0.762034875511702,73.6,0.6764270463849127,29.39731558550506,0.0776356369582286,0.116453455437343,538,41.5161696,0.251207729468599,0.05,2.20479866891288,1,1,0,1,0,1-2m,scratch,1,39.28212417602539,17.816649079978916,60.195786,INFY.F,10070,2026-08-14 08:58:29.029824,2026-08-14 08:59:29.225610,378.6574920654297,1165.0999755859375,0.04,price_bars,v3_baseline,de1305375432,0,,
0.765784875511702,73.6,0.6764270463849127,34.22163733176183,0.0227598017341188,0.0341397026011782,539,40.490764633333335,0.251207729468599,1.0,51.332455997642754,0,0,1,0,1,>15m,quality,0,-3.939951171875,-0.0767536073484566,2370.898692,NESTLEIND,10131,2026-08-14 08:59:30.554122,2026-08-14 09:39:01.452814,1503.5999755859375,1502.4000244140625,2.74,price_bars,v3_baseline,75e80fa73d1d,0,,
0.765784875511702,73.6,0.6764270463849127,198.58222801017348,0.0250657272672665,0.0375985909008998,539,40.49068228333333,0.251207729468599,0.05,14.893667100763013,1,1,0,1,0,1-2m,scratch,1,821.5745068359375,55.16267426132063,109.936868,NIFTY.F,10193,2026-08-14 08:59:30.559063,2026-08-14 09:01:20.495931,7922.460253906252,24371.150390625,0.86,price_bars,v3_baseline,d77b9fe3f4db,0,,
0.7674894209662475,73.6,0.6764270463849127,198.58222801017348,0.0250715386938135,0.0376073080407202,541,38.63776036666666,0.251207729468599,0.05,14.893667100763013,1,1,0,1,0,1-2m,scratch,1,821.6663256835938,55.16883922036228,60.237397,NIFTY.F,10449,2026-08-14 09:01:21.734378,2026-08-14 09:02:21.971775,7920.623876953126,24371.150390625,0.86,price_bars,v3_baseline,f21c2306c666,0,,
0.7690936990411137,73.6,0.6764270463849127,39.19284536842427,0.0240786671647972,0.0361180007471958,542,37.61568896666667,0.251207729468599,1.0,58.78926805263641,0,0,1,0,1,>15m,quality,0,-1.5699755859374998,-0.0267051391851287,2198.396918,TECHM,10519,2026-08-14 09:02:23.058662,2026-08-14 09:39:01.455580,1627.699951171875,1629.0999755859375,2.97,price_bars,v3_baseline,df6ca38a45f5,0,,
0.669034875511702,73.6,0.6764270463849127,35.47398585835256,0.0178252280254956,0.0267378420382434,579,0.9685336166666668,0.251207729468599,5.0,266.05489393764424,0,0,1,1,0,1-2m,scratch,0,-10.55,-0.0396534709204508,60.030958,BHARTIARTL,15727,2026-08-14 09:39:01.887983,2026-08-14 09:40:01.918941,1990.0999755859373,1990.0999755859373,10.55,price_bars,v3_baseline,1a3e4ac863b1,0,,
0.669034875511702,73.6,0.6764270463849127,27.986986297753354,0.0257304289363997,0.0385956434045995,579,0.9684622833333332,0.251207729468599,9.0,377.8243150196703,0,0,1,1,0,1-2m,scratch,0,-10.38,-0.0274730862661911,60.030079,BAJFINANCE,15731,2026-08-14 09:39:01.892263,2026-08-14 09:40:01.922342,1087.699951171875,1087.699951171875,10.38,price_bars,v3_baseline,614e53456141,0,,
0.669034875511702,73.6,0.6764270463849127,32.384658235464954,0.0237895078776668,0.0356842618165002,579,0.9684188333333332,0.251207729468599,7.0,340.03891147238204,0,0,1,1,0,1-2m,scratch,0,-10.1,-0.0297024830372106,60.031073,HCLTECH,15734,2026-08-14 09:39:01.894870,2026-08-14 09:40:01.925943,1361.300048828125,1361.300048828125,10.1,price_bars,v3_baseline,cde3438f9d4b,0,,
0.669034875511702,73.6,0.6764270463849127,74.64017530950416,0.0217991166207664,0.0326986749311496,579,0.9683763833333334,0.251207729468599,3.0,335.8807888927687,0,0,1,1,0,1-2m,scratch,0,-10.9,-0.0324519899930325,60.031572,M&M,15737,2026-08-14 09:39:01.897417,2026-08-14 09:40:01.928989,3424.0,3424.0,10.9,price_bars,v3_baseline,a991475c4786,0,,
0.669034875511702,73.6,0.6764270463849127,44.80491841781936,0.0223065413533867,0.0334598120300801,579,0.9683314,0.251207729468599,5.0,336.0368881336452,0,0,1,1,0,1-2m,scratch,0,-10.65,-0.0316929491257649,60.031792,BAJAJFINSV,15748,2026-08-14 09:39:01.900116,2026-08-14 09:40:01.931908,2008.5999755859373,2008.5999755859373,10.65,price_bars,v3_baseline,2d4fa019acd2,0,,
0.669034875511702,73.6,0.6764270463849127,83.24175872757456,0.0256507333847071,0.0384761000770607,579,0.9682774333333334,0.251207729468599,1.0,124.86263809136184,0,0,1,1,0,1-2m,scratch,0,-3.4400000000000004,-0.0275502748667135,60.031361,GRASIM,15756,2026-08-14 09:39:01.903354,2026-08-14 09:40:01.934715,3245.199951171875,3245.199951171875,3.4400000000000004,price_bars,v3_baseline,a2a7a40eed73,0,,
0.669034875511702,73.6,0.6764270463849127,34.22163733176183,0.0227779797495066,0.0341669696242599,579,0.9682352833333332,0.251207729468599,1.0,51.332455997642754,0,0,1,1,0,1-2m,scratch,0,-1.59,-0.0309745553587581,60.031601,NESTLEIND,15763,2026-08-14 09:39:01.905883,2026-08-14 09:40:01.937484,1502.4000244140625,1502.4000244140625,1.59,price_bars,v3_baseline,f479f6618987,0,,
0.669034875511702,73.6,0.6764270463849127,39.19284536842427,0.0240579743145154,0.0360869614717732,579,0.9681929833333334,0.251207729468599,1.0,58.78926805263641,0,0,1,1,0,1-2m,scratch,0,-1.7200000000000002,-0.029257040561553,60.032162,TECHM,15767,2026-08-14 09:39:01.908421,2026-08-14 09:40:01.940583,1629.0999755859375,1629.0999755859375,1.7200000000000002,price_bars,v3_baseline,cbf8eb0891dc,0,,
0.669034875511702,73.6,0.6764270463849127,1257.3167977773053,0.0216654563308122,0.0324981844962184,579,0.9681242,0.251207729468599,0.0146,27.535237871322984,0,0,1,1,0,1-2m,scratch,0,-18.94,-0.687845882737965,60.031199,BNBUSDT,15813,2026-08-14 09:39:01.912548,2026-08-14 09:40:01.943747,58033.24788452148,58033.24788452148,18.94,price_bars,v3_baseline,727b179e5b6e,0,,
0.669034875511702,73.6,0.6764270463849127,29.39731558550506,0.07732370913751,0.115985563706265,579,0.9680670333333332,0.251207729468599,0.05,2.20479866891288,1,1,0,1,0,1-2m,scratch,1,36.80075164794922,16.69120730469897,60.030607,INFY.F,15830,2026-08-14 09:39:01.915978,2026-08-14 09:40:01.946585,380.1850158691407,1169.800048828125,2.68,price_bars,v3_baseline,983894b57c94,0,,
0.627034875511702,73.6,0.6764270463849127,35.47398585835256,0.0178252280254956,0.0267378420382434,580,0.0,0.251207729468599,5.0,266.05489393764424,0,0,1,1,0,1-2m,scratch,0,-10.55,-0.0396534709204508,60.065958,BHARTIARTL,15983,2026-08-14 09:40:02.409699,2026-08-14 09:41:02.475657,1990.0999755859373,1990.0999755859373,10.55,price_bars,v3_baseline,18d84dc3950e,0,,
0.627034875511702,73.6,0.6764270463849127,27.986986297753354,0.0257304289363997,0.0385956434045995,580,0.0,0.251207729468599,9.0,377.8243150196703,0,0,1,1,0,1-2m,scratch,0,-10.38,-0.0274730862661911,60.069301,BAJFINANCE,15987,2026-08-14 09:40:02.412479,2026-08-14 09:41:02.481780,1087.699951171875,1087.699951171875,10.38,price_bars,v3_baseline,10bcdbd385ae,0,,
0.627034875511702,73.6,0.6764270463849127,32.384658235464954,0.0237895078776668,0.0356842618165002,580,0.0,0.251207729468599,7.0,340.03891147238204,0,0,1,1,0,1-2m,scratch,0,-10.1,-0.0297024830372106,60.070029,HCLTECH,15990,2026-08-14 09:40:02.415224,2026-08-14 09:41:02.485253,1361.300048828125,1361.300048828125,10.1,price_bars,v3_baseline,aba0f1ccba0a,0,,
0.627034875511702,73.6,0.6764270463849127,74.64017530950416,0.0217991166207664,0.0326986749311496,580,0.0,0.251207729468599,3.0,335.8807888927687,0,0,1,1,0,1-2m,scratch,0,-10.9,-0.0324519899930325,60.069344,M&M,15993,2026-08-14 09:40:02.419072,2026-08-14 09:41:02.488416,3424.0,3424.0,10.9,price_bars,v3_baseline,838b70bf5bfc,0,,
0.627034875511702,73.6,0.6764270463849127,44.80491841781936,0.0223065413533867,0.0334598120300801,580,0.0,0.251207729468599,5.0,336.0368881336452,0,0,1,1,0,1-2m,scratch,0,-10.65,-0.0316929491257649,60.070599,BAJAJFINSV,16004,2026-08-14 09:40:02.421946,2026-08-14 09:41:02.492545,2008.5999755859373,2008.5999755859373,10.65,price_bars,v3_baseline,0337b3fb086b,0,,
0.627034875511702,73.6,0.6764270463849127,83.24175872757456,0.0256507333847071,0.0384761000770607,580,0.0,0.251207729468599,1.0,124.86263809136184,0,0,1,1,0,1-2m,scratch,0,-3.4400000000000004,-0.0275502748667135,60.070916,GRASIM,16012,2026-08-14 09:40:02.425249,2026-08-14 09:41:02.496165,3245.199951171875,3245.199951171875,3.4400000000000004,price_bars,v3_baseline,64b0025d1c3a,0,,
0.627034875511702,73.6,0.6764270463849127,34.22163733176183,0.0227779797495066,0.0341669696242599,580,0.0,0.251207729468599,1.0,51.332455997642754,0,0,1,1,0,1-2m,scratch,0,-1.59,-0.0309745553587581,60.074255,NESTLEIND,16019,2026-08-14 09:40:02.427995,2026-08-14 09:41:02.502250,1502.4000244140625,1502.4000244140625,1.59,price_bars,v3_baseline,c72c53eee73c,0,,
0.627034875511702,73.6,0.6764270463849127,39.19284536842427,0.0240579743145154,0.0360869614717732,580,0.0,0.251207729468599,1.0,58.78926805263641,0,0,1,1,0,1-2m,scratch,0,-1.7200000000000002,-0.029257040561553,60.076937,TECHM,16023,2026-08-14 09:40:02.430518,2026-08-14 09:41:02.507455,1629.0999755859375,1629.0999755859375,1.7200000000000002,price_bars,v3_baseline,4244e421cf83,0,,
0.627034875511702,73.6,0.6764270463849127,1257.3167977773053,0.0216654563308122,0.0324981844962184,580,0.0,0.251207729468599,0.0141,26.592250272990007,0,0,1,1,0,1-2m,scratch,0,-18.3,-0.6881704185293216,60.077163,BNBUSDT,16069,2026-08-14 09:40:02.435703,2026-08-14 09:41:02.512866,58033.24788452148,58033.24788452148,18.3,price_bars,v3_baseline,a62cb5435829,0,,
0.627034875511702,73.6,0.6764270463849127,29.39731558550506,0.07732370913751,0.115985563706265,580,0.0,0.251207729468599,0.05,2.20479866891288,1,1,0,1,0,1-2m,scratch,1,36.80075164794922,16.69120730469897,60.080159,INFY.F,16086,2026-08-14 09:40:02.439268,2026-08-14 09:41:02.519427,380.1850158691407,1169.800048828125,2.68,price_bars,v3_baseline,a5363945450b,0,,
0.597034875511702,73.6,0.6764270463849127,35.47398585835256,0.0178252280254956,0.0267378420382434,581,0.0,0.251207729468599,5.0,266.05489393764424,0,0,1,1,0,1-2m,scratch,0,-3.0599999999999987,-0.0115013858783487,84.818901,BHARTIARTL,16623,2026-08-14 09:41:03.061656,2026-08-14 09:42:27.880557,1990.0999755859373,1991.5999755859373,10.56,price_bars,v3_baseline,7225281f21ff,0,,
0.597034875511702,73.6,0.6764270463849127,27.986986297753354,0.0257304289363997,0.0385956434045995,581,0.0,0.251207729468599,9.0,377.8243150196703,0,0,1,1,0,1-2m,scratch,0,-15.7697802734375,-0.0417383943979796,84.819297,BAJFINANCE,16627,2026-08-14 09:41:03.064564,2026-08-14 09:42:27.883861,1087.699951171875,1087.0999755859375,10.37,price_bars,v3_baseline,b5336e600198,0,,
0.597034875511702,73.6,0.6764270463849127,32.384658235464954,0.0237895078776668,0.0356842618165002,581,0.0,0.251207729468599,7.0,340.03891147238204,0,0,1,1,0,1-2m,scratch,0,-4.5005126953125,-0.0132352873258683,84.819004,HCLTECH,16630,2026-08-14 09:41:03.067675,2026-08-14 09:42:27.886679,1361.300048828125,1362.0999755859375,10.1,price_bars,v3_baseline,e67e102e59ec,0,,
0.597034875511702,73.6,0.6764270463849127,74.64017530950416,0.0217991166207664,0.0326986749311496,581,0.0,0.251207729468599,3.0,335.8807888927687,0,0,1,1,0,1-2m,scratch,0,-3.999853515625,-0.0119085510332714,84.81882,M&M,16633,2026-08-14 09:41:03.070661,2026-08-14 09:42:27.889481,3424.0,3426.300048828125,10.9,price_bars,v3_baseline,39c726a5b7df,0,,
0.597034875511702,73.6,0.6764270463849127,44.80491841781936,0.0223065413533867,0.0334598120300801,581,0.0,0.251207729468599,5.0,336.0368881336452,0,0,1,1,0,1-2m,scratch,0,-9.6496337890625,-0.0287159955642272,84.818988,BAJAJFINSV,16644,2026-08-14 09:41:03.073281,2026-08-14 09:42:27.892269,2008.5999755859373,2008.800048828125,10.65,price_bars,v3_baseline,7d021512453a,0,,
0.597034875511702,73.6,0.6764270463849127,83.24175872757456,0.0256507333847071,0.0384761000770607,581,0.0,0.251207729468599,1.0,124.86263809136184,0,0,1,1,0,1-2m,scratch,0,-5.639951171875,-0.0451692456453487,84.817953,GRASIM,16652,2026-08-14 09:41:03.077678,2026-08-14 09:42:27.895631,3245.199951171875,3243.0,3.4400000000000004,price_bars,v3_baseline,1b73746ab35e,0,,
0.597034875511702,73.6,0.6764270463849127,34.22163733176183,0.0227779797495066,0.0341669696242599,581,0.0,0.251207729468599,1.0,51.332455997642754,0,0,1,1,0,1-2m,scratch,0,-2.09,-0.040714981572204,84.817292,NESTLEIND,16659,2026-08-14 09:41:03.081229,2026-08-14 09:42:27.898521,1502.4000244140625,1501.9000244140625,1.59,price_bars,v3_baseline,f8880b65c20c,0,,
0.597034875511702,73.6,0.6764270463849127,39.19284536842427,0.0240579743145154,0.0360869614717732,581,0.0,0.251207729468599,1.0,58.78926805263641,0,0,1,1,0,1-2m,scratch,0,-0.3199755859375002,-0.0054427550560931,84.816916,TECHM,16663,2026-08-14 09:41:03.084473,2026-08-14 09:42:27.901389,1629.0999755859375,1630.5,1.7200000000000002,price_bars,v3_baseline,1360509b2cec,0,,
0.597034875511702,73.6,0.6764270463849127,1257.3167977773053,0.0216654563308122,0.0324981844962184,581,0.0,0.251207729468599,0.0136,25.649262674657027,0,0,1,1,0,1-2m,scratch,0,-18.146213772949157,-0.7074750648048326,84.814244,BNBUSDT,16709,2026-08-14 09:41:03.089950,2026-08-14 09:42:27.904194,58033.24788452148,57996.026283569336,17.64,price_bars,v3_baseline,a30f54479827,0,,
0.597034875511702,73.6,0.6764270463849127,29.39731558550506,0.07732370913751,0.115985563706265,581,0.0,0.251207729468599,0.05,2.20479866891288,1,1,0,1,0,1-2m,scratch,1,36.77575164794922,16.679868400901317,84.810168,INFY.F,16726,2026-08-14 09:41:03.096829,2026-08-14 09:42:27.906997,380.1850158691407,1169.300048828125,2.68,price_bars,v3_baseline,e791d9a8a4e4,0,,
0.591409875511702,73.6,0.6764270463849127,29.39731558550506,0.0251409513024198,0.0377114269536297,582,0.0,0.251207729468599,8.0,352.7677870260607,0,0,1,1,0,1-2m,scratch,0,-9.92,-0.0281204814181833,60.08512,INFY,16732,2026-08-14 09:42:28.345029,2026-08-14 09:43:28.430149,1169.300048828125,1169.300048828125,9.92,price_bars,v3_baseline,54e8d081abcc,0,,
0.591409875511702,73.6,0.6764270463849127,35.47398585835256,0.0178118027180212,0.0267177040770318,582,0.0,0.251207729468599,5.0,266.05489393764424,0,0,1,1,0,1-2m,scratch,0,-10.56,-0.0396910571488114,60.085313,BHARTIARTL,16751,2026-08-14 09:42:28.348199,2026-08-14 09:43:28.433512,1991.5999755859373,1991.5999755859373,10.56,price_bars,v3_baseline,f9f1b1ec8326,0,,
0.591409875511702,73.6,0.6764270463849127,32.384658235464954,0.023775536903254,0.0356633053548811,582,0.0,0.251207729468599,7.0,340.03891147238204,0,0,1,1,0,1-2m,scratch,0,-10.11,-0.0297318914362573,60.08541,HCLTECH,16758,2026-08-14 09:42:28.350896,2026-08-14 09:43:28.436306,1362.0999755859375,1362.0999755859375,10.11,price_bars,v3_baseline,e499dbd523ca,0,,
0.591409875511702,73.6,0.6764270463849127,74.64017530950416,0.0217844830417093,0.032676724562564,582,0.0,0.251207729468599,3.0,335.8807888927687,0,0,1,1,0,1-2m,scratch,0,-10.9,-0.0324519899930325,60.085578,M&M,16761,2026-08-14 09:42:28.353560,2026-08-14 09:43:28.439138,3426.300048828125,3426.300048828125,10.9,price_bars,v3_baseline,7280b787e978,0,,
0.591409875511702,73.6,0.6764270463849127,44.80491841781936,0.0223043196578759,0.0334564794868139,582,0.0,0.251207729468599,5.0,336.0368881336452,0,0,1,1,0,1-2m,scratch,0,-10.65,-0.0316929491257649,60.085649,BAJAJFINSV,16772,2026-08-14 09:42:28.356259,2026-08-14 09:43:28.441908,2008.800048828125,2008.800048828125,10.65,price_bars,v3_baseline,d0a38aa62967,0,,
0.591409875511702,73.6,0.6764270463849127,83.24175872757456,0.0256681340510559,0.0385022010765839,582,0.0,0.251207729468599,1.0,124.86263809136184,0,0,1,1,0,1-2m,scratch,0,-3.4400000000000004,-0.0275502748667135,60.086036,GRASIM,16780,2026-08-14 09:42:28.359386,2026-08-14 09:43:28.445422,3243.0,3243.0,3.4400000000000004,price_bars,v3_baseline,0263144d768f,0,,
0.591409875511702,73.6,0.6764270463849127,34.22163733176183,0.0227855628040972,0.0341783442061459,582,0.0,0.251207729468599,2.0,102.66491199528552,0,0,1,1,0,1-2m,scratch,0,-3.18,-0.0309745553587581,60.086269,NESTLEIND,16787,2026-08-14 09:42:28.362153,2026-08-14 09:43:28.448422,1501.9000244140625,1501.9000244140625,3.18,price_bars,v3_baseline,d1970fa53a95,0,,
0.591409875511702,73.6,0.6764270463849127,1257.3167977773053,0.0216793611277728,0.0325190416916592,582,0.0,0.251207729468599,0.0194,36.58791881531958,0,0,1,1,0,1-2m,scratch,0,-25.159999999999854,-0.6876586811891912,60.085949,BNBUSDT,16837,2026-08-14 09:42:28.366642,2026-08-14 09:43:28.452591,57996.02628356933,57996.026283569336,25.16,price_bars,v3_baseline,6ee136cf866a,0,,
0.591409875511702,73.6,0.6764270463849127,29.39731558550506,0.0773567732382149,0.1160351598573224,582,0.0,0.251207729468599,0.05,2.20479866891288,1,1,0,1,0,1-2m,scratch,1,36.78387664794923,16.683553544635558,60.085696,INFY.F,16854,2026-08-14 09:42:28.370010,2026-08-14 09:43:28.455706,380.0225158691406,1169.300048828125,2.68,price_bars,v3_baseline,5477f10678ab,0,,
0.574282066522938,73.6,0.6764270463849127,29.39731558550506,0.0251409513024198,0.0377114269536297,583,0.0,0.251207729468599,8.0,352.7677870260607,0,0,1,1,0,1-2m,scratch,0,-9.92,-0.0281204814181833,60.044397,INFY,16860,2026-08-14 09:43:28.912315,2026-08-14 09:44:28.956712,1169.300048828125,1169.300048828125,9.92,price_bars,v3_baseline,c9980a27ce06,0,,
0.574282066522938,73.6,0.6764270463849127,35.47398585835256,0.0178118027180212,0.0267177040770318,583,0.0,0.251207729468599,5.0,266.05489393764424,0,0,1,1,0,1-2m,scratch,0,-10.56,-0.0396910571488114,60.045681,BHARTIARTL,16879,2026-08-14 09:43:28.915415,2026-08-14 09:44:28.961096,1991.5999755859373,1991.5999755859373,10.56,price_bars,v3_baseline,0ea6eab40fbf,0,,
0.574282066522938,73.6,0.6764270463849127,32.384658235464954,0.023775536903254,0.0356633053548811,583,0.0,0.251207729468599,7.0,340.03891147238204,0,0,1,1,0,1-2m,scratch,0,-10.11,-0.0297318914362573,60.045589,HCLTECH,16886,2026-08-14 09:43:28.918413,2026-08-14 09:44:28.964002,1362.0999755859375,1362.0999755859375,10.11,price_bars,v3_baseline,35768eb38dbe,0,,
0.574282066522938,73.6,0.6764270463849127,74.64017530950416,0.0217844830417093,0.032676724562564,583,0.0,0.251207729468599,3.0,335.8807888927687,0,0,1,1,0,1-2m,scratch,0,-10.9,-0.0324519899930325,60.04585,M&M,16889,2026-08-14 09:43:28.921008,2026-08-14 09:44:28.966858,3426.300048828125,3426.300048828125,10.9,price_bars,v3_baseline,af5fca9ca52b,0,,
0.574282066522938,73.6,0.6764270463849127,44.80491841781936,0.0223043196578759,0.0334564794868139,583,0.0,0.251207729468599,5.0,336.0368881336452,0,0,1,1,0,1-2m,scratch,0,-10.65,-0.0316929491257649,60.046096,BAJAJFINSV,16900,2026-08-14 09:43:28.923673,2026-08-14 09:44:28.969769,2008.800048828125,2008.800048828125,10.65,price_bars,v3_baseline,0f238a0bd2cf,0,,
0.574282066522938,73.6,0.6764270463849127,83.24175872757456,0.0256681340510559,0.0385022010765839,583,0.0,0.251207729468599,1.0,124.86263809136184,0,0,1,1,0,1-2m,scratch,0,-3.4400000000000004,-0.0275502748667135,60.048205,GRASIM,16908,2026-08-14 09:43:28.927123,2026-08-14 09:44:28.975328,3243.0,3243.0,3.4400000000000004,price_bars,v3_baseline,6310b760a99d,0,,
0.574282066522938,73.6,0.6764270463849127,34.22163733176183,0.0227855628040972,0.0341783442061459,583,0.0,0.251207729468599,2.0,102.66491199528552,0,0,1,1,0,1-2m,scratch,0,-3.18,-0.0309745553587581,60.049888,NESTLEIND,16915,2026-08-14 09:43:28.930331,2026-08-14 09:44:28.980219,1501.9000244140625,1501.9000244140625,3.18,price_bars,v3_baseline,f3e6976836ec,0,,
0.574282066522938,73.6,0.6764270463849127,1257.3167977773053,0.0216793611277728,0.0325190416916592,583,0.0,0.251207729468599,0.0189,35.644931216986606,0,0,1,1,0,1-2m,scratch,0,-24.5,-0.6873347531759162,60.04787,BNBUSDT,16965,2026-08-14 09:43:28.936380,2026-08-14 09:44:28.984250,57996.026283569336,57996.026283569336,24.5,price_bars,v3_baseline,12e013a9bcf1,0,,
0.574282066522938,73.6,0.6764270463849127,29.39731558550506,0.0773567732382149,0.1160351598573224,583,0.0,0.251207729468599,0.05,2.20479866891288,1,1,0,1,0,1-2m,scratch,1,36.78387664794923,16.683553544635558,60.048492,INFY.F,16982,2026-08-14 09:43:28.939816,2026-08-14 09:44:28.988308,380.0225158691406,1169.300048828125,2.68,price_bars,v3_baseline,6ede5f826f5d,0,,
0.560300181634151,73.6,0.6764270463849127,29.39731558550506,0.0251409513024198,0.0377114269536297,584,0.0,0.251207729468599,8.0,352.7677870260607,0,0,1,1,0,1-2m,scratch,0,-9.92,-0.0281204814181833,60.057273,INFY,16988,2026-08-14 09:44:29.456411,2026-08-14 09:45:29.513684,1169.300048828125,1169.300048828125,9.92,price_bars,v3_baseline,ab336d0ab814,0,,
0.560300181634151,73.6,0.6764270463849127,35.47398585835256,0.0178118027180212,0.0267177040770318,584,0.0,0.251207729468599,5.0,266.05489393764424,0,0,1,1,0,1-2m,scratch,0,-10.56,-0.0396910571488114,60.057749,BHARTIARTL,17007,2026-08-14 09:44:29.459358,2026-08-14 09:45:29.517107,1991.5999755859373,1991.5999755859373,10.56,price_bars,v3_baseline,78bec4146b5d,0,,
0.560300181634151,73.6,0.6764270463849127,32.384658235464954,0.023775536903254,0.0356633053548811,584,0.0,0.251207729468599,7.0,340.03891147238204,0,0,1,1,0,1-2m,scratch,0,-10.11,-0.0297318914362573,60.058286,HCLTECH,17014,2026-08-14 09:44:29.462059,2026-08-14 09:45:29.520345,1362.0999755859375,1362.0999755859375,10.11,price_bars,v3_baseline,df48854e2283,0,,
0.560300181634151,73.6,0.6764270463849127,74.64017530950416,0.0217844830417093,0.032676724562564,584,0.0,0.251207729468599,3.0,335.8807888927687,0,0,1,1,0,1-2m,scratch,0,-10.9,-0.0324519899930325,60.058097,M&M,17017,2026-08-14 09:44:29.465332,2026-08-14 09:45:29.523429,3426.300048828125,3426.300048828125,10.9,price_bars,v3_baseline,6057a6004cd2,0,,
0.560300181634151,73.6,0.6764270463849127,44.80491841781936,0.0223043196578759,0.0334564794868139,584,0.0,0.251207729468599,5.0,336.0368881336452,0,0,1,1,0,1-2m,scratch,0,-10.65,-0.0316929491257649,60.058295,BAJAJFINSV,17028,2026-08-14 09:44:29.467903,2026-08-14 09:45:29.526198,2008.800048828125,2008.800048828125,10.65,price_bars,v3_baseline,245299ae7031,0,,
0.560300181634151,73.6,0.6764270463849127,83.24175872757456,0.0256681340510559,0.0385022010765839,584,0.0,0.251207729468599,1.0,124.86263809136184,0,0,1,1,0,1-2m,scratch,0,-3.4400000000000004,-0.0275502748667135,60.058041,GRASIM,17036,2026-08-14 09:44:29.471398,2026-08-14 09:45:29.529439,3243.0,3243.0,3.4400000000000004,price_bars,v3_baseline,c3253f8a1cb3,0,,
0.560300181634151,73.6,0.6764270463849127,34.22163733176183,0.0227855628040972,0.0341783442061459,584,0.0,0.251207729468599,2.0,102.66491199528552,0,0,1,1,0,1-2m,scratch,0,-3.18,-0.0309745553587581,60.058979,NESTLEIND,17043,2026-08-14 09:44:29.473986,2026-08-14 09:45:29.532965,1501.9000244140625,1501.9000244140625,3.18,price_bars,v3_baseline,75bb4f1815b9,0,,
0.560300181634151,73.6,0.6764270463849127,1257.3167977773053,0.0216793611277728,0.0325190416916592,584,0.0,0.251207729468599,0.0184,34.70194361865362,0,0,1,1,0,1-2m,scratch,0,-23.86,-0.6875695569735851,60.055189,BNBUSDT,17093,2026-08-14 09:44:29.480745,2026-08-14 09:45:29.535934,57996.026283569336,57996.026283569336,23.86,price_bars,v3_baseline,c22356ee9544,0,,
0.560300181634151,73.6,0.6764270463849127,29.39731558550506,0.0773567732382149,0.1160351598573224,584,0.0,0.251207729468599,0.05,2.20479866891288,1,1,0,1,0,1-2m,scratch,1,36.78387664794923,16.683553544635558,60.053197,INFY.F,17110,2026-08-14 09:44:29.485512,2026-08-14 09:45:29.538709,380.0225158691406,1169.300048828125,2.68,price_bars,v3_baseline,1e5709683580,0,,
0.5486703895303936,73.6,0.6764270463849127,29.39731558550506,0.0251409513024198,0.0377114269536297,585,0.0,0.251207729468599,8.0,352.7677870260607,0,0,1,1,0,1-2m,scratch,0,-9.92,-0.0281204814181833,60.034653,INFY,17116,2026-08-14 09:45:29.992020,2026-08-14 09:46:30.026673,1169.300048828125,1169.300048828125,9.92,price_bars,v3_baseline,61caae065ec5,0,,
0.5486703895303936,73.6,0.6764270463849127,35.47398585835256,0.0178118027180212,0.0267177040770318,585,0.0,0.251207729468599,5.0,266.05489393764424,0,0,1,1,0,1-2m,scratch,0,-10.56,-0.0396910571488114,60.034538,BHARTIARTL,17135,2026-08-14 09:45:29.995449,2026-08-14 09:46:30.029987,1991.5999755859373,1991.5999755859373,10.56,price_bars,v3_baseline,12f5371a053e,0,,
0.5486703895303936,73.6,0.6764270463849127,32.384658235464954,0.023775536903254,0.0356633053548811,585,0.0,0.251207729468599,7.0,340.03891147238204,0,0,1,1,0,1-2m,scratch,0,-10.11,-0.0297318914362573,60.034423,HCLTECH,17142,2026-08-14 09:45:29.998351,2026-08-14 09:46:30.032774,1362.0999755859375,1362.0999755859375,10.11,price_bars,v3_baseline,0e177695ff6c,0,,
0.5486703895303936,73.6,0.6764270463849127,74.64017530950416,0.0217844830417093,0.032676724562564,585,0.0,0.251207729468599,2.0,223.9205259285125,0,0,1,1,0,1-2m,scratch,0,-7.27,-0.0324668762269742,60.034591,M&M,17145,2026-08-14 09:45:30.001025,2026-08-14 09:46:30.035616,3426.300048828125,3426.300048828125,7.27,price_bars,v3_baseline,95071507499d,0,,
0.5486703895303936,73.6,0.6764270463849127,44.80491841781936,0.0223043196578759,0.0334564794868139,585,0.0,0.251207729468599,5.0,336.0368881336452,0,0,1,1,0,1-2m,scratch,0,-10.65,-0.0316929491257649,60.03456,BAJAJFINSV,17156,2026-08-14 09:45:30.003867,2026-08-14 09:46:30.038427,2008.800048828125,2008.800048828125,10.65,price_bars,v3_baseline,85506d4673d3,0,,
0.5486703895303936,73.6,0.6764270463849127,110.97175553049424,0.0199607438673431,0.0299411158010147,585,0.0,0.251207729468599,1.0,166.45763329574137,0,0,1,1,0,1-2m,scratch,0,-5.9,-0.0354444544427566,60.03482,BRITANNIA,17159,2026-08-14 09:45:30.006625,2026-08-14 09:46:30.041445,5559.5,5559.5,5.9,price_bars,v3_baseline,8d14758984b0,0,,
0.5486703895303936,73.6,0.6764270463849127,83.24175872757456,0.0256681340510559,0.0385022010765839,585,0.0,0.251207729468599,1.0,124.86263809136184,0,0,1,1,0,1-2m,scratch,0,-3.4400000000000004,-0.0275502748667135,60.034235,GRASIM,17164,2026-08-14 09:45:30.010096,2026-08-14 09:46:30.044331,3243.0,3243.0,3.4400000000000004,price_bars,v3_baseline,805a220707b9,0,,
0.5486703895303936,73.6,0.6764270463849127,34.22163733176183,0.0227855628040972,0.0341783442061459,585,0.0,0.251207729468599,1.0,51.332455997642754,0,0,1,1,0,1-2m,scratch,0,-1.59,-0.0309745553587581,60.03445,NESTLEIND,17171,2026-08-14 09:45:30.012649,2026-08-14 09:46:30.047099,1501.9000244140625,1501.9000244140625,1.59,price_bars,v3_baseline,5dc6d26321fb,0,,
0.5486703895303936,73.6,0.6764270463849127,1257.3167977773053,0.0216793611277728,0.0325190416916592,585,0.0,0.251207729468599,0.0108,20.368532123992345,0,0,1,1,0,1-2m,scratch,0,-14.0,-0.6873347531759163,60.032765,BNBUSDT,17221,2026-08-14 09:45:30.017121,2026-08-14 09:46:30.049886,57996.026283569336,57996.026283569336,14.0,price_bars,v3_baseline,62c626525119,0,,
0.5486703895303936,73.6,0.6764270463849127,29.39731558550506,0.0773567732382149,0.1160351598573224,585,0.0,0.251207729468599,0.05,2.20479866891288,1,1,0,1,0,1-2m,scratch,1,36.78387664794923,16.683553544635558,60.03184,INFY.F,17238,2026-08-14 09:45:30.020783,2026-08-14 09:46:30.052623,380.0225158691406,1169.300048828125,2.68,price_bars,v3_baseline,fd8387171cdb,0,,
0.5374194908963175,73.6,0.6764270463849127,29.39731558550506,0.0251409513024198,0.0377114269536297,586,0.0,0.251207729468599,8.0,352.7677870260607,0,0,1,0,0,2-5m,medium,0,-10.72078125,-0.0303904768073622,128.32805,INFY,17244,2026-08-14 09:46:30.470069,2026-08-14 09:48:38.798119,1169.300048828125,1169.199951171875,9.92,price_bars,v3_baseline,9ee68d3c634c,0,,
0.5374194908963175,73.6,0.6764270463849127,35.47398585835256,0.0178118027180212,0.0267177040770318,586,0.0,0.251207729468599,5.0,266.05489393764424,0,0,1,0,0,2-5m,medium,0,-8.559877929687499,-0.0321733526604238,128.333281,BHARTIARTL,17263,2026-08-14 09:46:30.472856,2026-08-14 09:48:38.806137,1991.5999755859373,1992.0,10.56,price_bars,v3_baseline,0a0fb68b31ba,0,,
0.5374194908963175,73.6,0.6764270463849127,32.384658235464954,0.023775536903254,0.0356633053548811,586,0.0,0.251207729468599,7.0,340.03891147238204,0,0,1,0,0,2-5m,medium,0,-19.2094873046875,-0.0564920268139597,128.33415,HCLTECH,17270,2026-08-14 09:46:30.475440,2026-08-14 09:48:38.809590,1362.0999755859375,1360.800048828125,10.11,price_bars,v3_baseline,355146c2e172,0,,
0.5374194908963175,73.6,0.6764270463849127,74.64017530950416,0.0217844830417093,0.032676724562564,586,0.0,0.251207729468599,2.0,223.9205259285125,0,0,1,0,0,2-5m,medium,0,-15.06029296875,-0.0672573133092678,128.334442,M&M,17273,2026-08-14 09:46:30.477995,2026-08-14 09:48:38.812437,3426.300048828125,3422.39990234375,7.26,price_bars,v3_baseline,083ffa043bfd,0,,
0.5374194908963175,73.6,0.6764270463849127,44.80491841781936,0.0223043196578759,0.0334564794868139,586,0.0,0.251207729468599,5.0,336.0368881336452,0,0,1,0,0,2-5m,medium,0,-21.6403662109375,-0.0643987817264005,128.334689,BAJAJFINSV,17284,2026-08-14 09:46:30.480536,2026-08-14 09:48:38.815225,2008.800048828125,2006.5999755859373,10.64,price_bars,v3_baseline,83f4ebb960d4,0,,
0.5374194908963175,73.6,0.6764270463849127,110.97175553049424,0.0199607438673431,0.0299411158010147,586,0.0,0.251207729468599,1.0,166.45763329574137,0,0,1,0,0,2-5m,medium,0,-15.39,-0.092455958283733,128.334987,BRITANNIA,17287,2026-08-14 09:46:30.483077,2026-08-14 09:48:38.818064,5559.5,5550.0,5.89,price_bars,v3_baseline,468bd5aab7a0,0,,
0.5374194908963175,73.6,0.6764270463849127,83.24175872757456,0.0256681340510559,0.0385022010765839,586,0.0,0.251207729468599,1.0,124.86263809136184,0,0,1,0,0,2-5m,medium,0,-13.629951171875,-0.109159564303791,128.334641,GRASIM,17292,2026-08-14 09:46:30.486290,2026-08-14 09:48:38.820931,3243.0,3232.800048828125,3.43,price_bars,v3_baseline,0228fdc03e47,0,,
0.5374194908963175,73.6,0.6764270463849127,34.22163733176183,0.0227855628040972,0.0341783442061459,586,0.0,0.251207729468599,1.0,51.332455997642754,0,0,1,0,0,2-5m,medium,0,-3.2900732421875,-0.0640934313047204,128.334885,NESTLEIND,17299,2026-08-14 09:46:30.489020,2026-08-14 09:48:38.823905,1501.9000244140625,1500.199951171875,1.59,price_bars,v3_baseline,a9b8ebdc6e8f,0,,
0.5374194908963175,73.6,0.6764270463849127,1257.3167977773053,0.0216793611277728,0.0325190416916592,586,0.0,0.251207729468599,0.0104,19.614142045325963,0,0,1,0,0,2-5m,medium,0,-13.400593917968749,-0.6832108122293373,128.333364,BNBUSDT,17349,2026-08-14 09:46:30.493437,2026-08-14 09:48:38.826801,57996.026283569336,58003.66148376465,13.48,price_bars,v3_baseline,2ada18d0f06e,0,,
0.5374194908963175,73.6,0.6764270463849127,29.39731558550506,0.0773567732382149,0.1160351598573224,586,0.0,0.251207729468599,0.05,2.20479866891288,1,1,0,0,0,2-5m,medium,1,36.77887176513673,16.681283549246377,128.33278,INFY.F,17366,2026-08-14 09:46:30.496792,2026-08-14 09:48:38.829572,380.0225158691406,1169.199951171875,2.68,price_bars,v3_baseline,00f43d59d3ea,0,,
0.5279403873227256,73.6,0.6764270463849127,29.39731558550506,0.0251431036719087,0.037714655507863,588,0.0,0.251207729468599,8.0,352.7677870260607,0,0,1,1,0,1-2m,scratch,0,-9.92,-0.0281204814181833,60.048871,INFY,17500,2026-08-14 09:48:39.250694,2026-08-14 09:49:39.299565,1169.199951171875,1169.199951171875,9.92,price_bars,v3_baseline,cce64d9b39ec,0,,
0.5279403873227256,73.6,0.6764270463849127,35.47398585835256,0.0178082258325063,0.0267123387487594,588,0.0,0.251207729468599,5.0,266.05489393764424,0,0,1,1,0,1-2m,scratch,0,-10.57,-0.039728643377172,60.052278,BHARTIARTL,17519,2026-08-14 09:48:39.255218,2026-08-14 09:49:39.307496,1992.0,1992.0,10.57,price_bars,v3_baseline,70c1d8a29a26,0,,
0.5279403873227256,73.6,0.6764270463849127,32.384658235464954,0.02379824887819,0.0356973733172851,588,0.0,0.251207729468599,7.0,340.03891147238204,0,0,1,1,0,1-2m,scratch,0,-10.1,-0.0297024830372106,60.052741,HCLTECH,17526,2026-08-14 09:48:39.257833,2026-08-14 09:49:39.310574,1360.800048828125,1360.800048828125,10.1,price_bars,v3_baseline,a92de745ec44,0,,
0.5279403873227256,73.6,0.6764270463849127,74.64017530950416,0.02180930850845,0.032713962762675,588,0.0,0.251207729468599,2.0,223.9205259285125,0,0,1,1,0,1-2m,scratch,0,-7.26,-0.032422217525149,60.053212,M&M,17529,2026-08-14 09:48:39.260521,2026-08-14 09:49:39.313733,3422.39990234375,3422.39990234375,7.26,price_bars,v3_baseline,df767169a793,0,,
0.5279403873227256,73.6,0.6764270463849127,44.80491841781936,0.0223287745255434,0.0334931617883151,588,0.0,0.251207729468599,5.0,336.0368881336452,0,0,1,1,0,1-2m,scratch,0,-10.64,-0.0316631904880882,60.053903,BAJAJFINSV,17540,2026-08-14 09:48:39.263037,2026-08-14 09:49:39.316940,2006.5999755859373,2006.5999755859373,10.64,price_bars,v3_baseline,632ca5a65867,0,,
0.5279403873227256,73.6,0.6764270463849127,110.97175553049424,0.0199949109063953,0.029992366359593,588,0.0,0.251207729468599,1.0,166.45763329574137,0,0,1,1,0,1-2m,scratch,0,-5.88,-0.0353243037497303,60.059991,BRITANNIA,17543,2026-08-14 09:48:39.265605,2026-08-14 09:49:39.325596,5550.0,5550.0,5.88,price_bars,v3_baseline,1e67cfa7f990,0,,
0.5279403873227256,73.6,0.6764270463849127,83.24175872757456,0.0257491207220654,0.0386236810830982,588,0.0,0.251207729468599,1.0,124.86263809136184,0,0,1,1,0,1-2m,scratch,0,-3.43,-0.0274701868583801,60.061172,GRASIM,17548,2026-08-14 09:48:39.268693,2026-08-14 09:49:39.329865,3232.800048828125,3232.800048828125,3.43,price_bars,v3_baseline,70d6f0cfd2fc,0,,
0.5279403873227256,73.6,0.6764270463849127,34.22163733176183,0.0228113841125176,0.0342170761687764,588,0.0,0.251207729468599,1.0,51.332455997642754,0,0,1,1,0,1-2m,scratch,0,-1.59,-0.0309745553587581,60.061338,NESTLEIND,17555,2026-08-14 09:48:39.271323,2026-08-14 09:49:39.332661,1500.199951171875,1500.199951171875,1.59,price_bars,v3_baseline,1e652c2959fe,0,,
0.5279403873227256,73.6,0.6764270463849127,1257.3167977773053,0.021676507406851,0.0325147611102765,588,0.0,0.251207729468599,0.01,18.85975196665958,0,0,1,1,0,1-2m,scratch,0,-12.960000000000074,-0.6871776480894799,60.062215,BNBUSDT,17605,2026-08-14 09:48:39.275885,2026-08-14 09:49:39.338100,58003.661483764656,58003.66148376465,12.96,price_bars,v3_baseline,e9dd3864a491,0,,
0.5279403873227256,73.6,0.6764270463849127,29.39731558550506,0.0773633959135652,0.1160450938703479,588,0.0,0.251207729468599,0.05,2.20479866891288,1,1,0,1,0,1-2m,scratch,1,36.78049835205079,16.68202129774786,60.064134,INFY.F,17622,2026-08-14 09:48:39.279010,2026-08-14 09:49:39.343144,379.9899841308594,1169.199951171875,2.68,price_bars,v3_baseline,882dd70b7015,0,,
0.5198450944898042,73.6,0.6764270463849127,29.39731558550506,0.0251431036719087,0.037714655507863,589,0.0,0.251207729468599,8.0,352.7677870260607,0,0,1,1,0,1-2m,scratch,0,-9.92,-0.0281204814181833,60.061413,INFY,18268,2026-08-14 09:49:40.011471,2026-08-14 09:50:40.072884,1169.199951171875,1169.199951171875,9.92,price_bars,v3_baseline,dfb383239615,0,,
0.5198450944898042,73.6,0.6764270463849127,35.47398585835256,0.0178082258325063,0.0267123387487594,589,0.0,0.251207729468599,5.0,266.05489393764424,0,0,1,1,0,1-2m,scratch,0,-10.57,-0.039728643377172,60.062676,BHARTIARTL,18287,2026-08-14 09:49:40.014207,2026-08-14 09:50:40.076883,1992.0,1992.0,10.57,price_bars,v3_baseline,ad42a5581bfb,0,,
0.5198450944898042,73.6,0.6764270463849127,32.384658235464954,0.02379824887819,0.0356973733172851,589,0.0,0.251207729468599,7.0,340.03891147238204,0,0,1,1,0,1-2m,scratch,0,-10.1,-0.0297024830372106,60.066804,HCLTECH,18294,2026-08-14 09:49:40.016829,2026-08-14 09:50:40.083633,1360.800048828125,1360.800048828125,10.1,price_bars,v3_baseline,0995bfe8a455,0,,
0.5198450944898042,73.6,0.6764270463849127,74.64017530950416,0.02180930850845,0.032713962762675,589,0.0,0.251207729468599,2.0,223.9205259285125,0,0,1,1,0,1-2m,scratch,0,-7.26,-0.032422217525149,60.065019,M&M,18297,2026-08-14 09:49:40.024133,2026-08-14 09:50:40.089152,3422.39990234375,3422.39990234375,7.26,price_bars,v3_baseline,2af10d326002,0,,
0.5198450944898042,73.6,0.6764270463849127,44.80491841781936,0.0223287745255434,0.0334931617883151,589,0.0,0.251207729468599,5.0,336.0368881336452,0,0,1,1,0,1-2m,scratch,0,-10.64,-0.0316631904880882,60.066662,BAJAJFINSV,18308,2026-08-14 09:49:40.028472,2026-08-14 09:50:40.095134,2006.5999755859373,2006.5999755859373,10.64,price_bars,v3_baseline,913ae231ceb9,0,,
0.5198450944898042,73.6,0.6764270463849127,110.97175553049424,0.0199949109063953,0.029992366359593,589,0.0,0.251207729468599,1.0,166.45763329574137,0,0,1,1,0,1-2m,scratch,0,-5.88,-0.0353243037497303,60.071235,BRITANNIA,18311,2026-08-14 09:49:40.031059,2026-08-14 09:50:40.102294,5550.0,5550.0,5.88,price_bars,v3_baseline,1c5ca2790126,0,,
0.5198450944898042,73.6,0.6764270463849127,83.24175872757456,0.0257491207220654,0.0386236810830982,589,0.0,0.251207729468599,1.0,124.86263809136184,0,0,1,1,0,1-2m,scratch,0,-3.43,-0.0274701868583801,60.072111,GRASIM,18316,2026-08-14 09:49:40.035165,2026-08-14 09:50:40.107276,3232.800048828125,3232.800048828125,3.43,price_bars,v3_baseline,e7b47279601f,0,,
0.5198450944898042,73.6,0.6764270463849127,34.22163733176183,0.0228113841125176,0.0342170761687764,589,0.0,0.251207729468599,1.0,51.332455997642754,0,0,1,1,0,1-2m,scratch,0,-1.59,-0.0309745553587581,60.075299,NESTLEIND,18323,2026-08-14 09:49:40.041480,2026-08-14 09:50:40.116779,1500.199951171875,1500.199951171875,1.59,price_bars,v3_baseline,f295c440e0d5,0,,
0.5198450944898042,73.6,0.6764270463849127,1257.3167977773053,0.021676507406851,0.0325147611102765,589,0.0,0.251207729468599,0.0096,18.1053618879932,0,0,1,1,0,1-2m,scratch,0,-12.46,-0.6881939216173861,60.075376,BNBUSDT,18373,2026-08-14 09:49:40.046358,2026-08-14 09:50:40.121734,58003.66148376465,58003.66148376465,12.46,price_bars,v3_baseline,b09b9af688d6,0,,
0.5198450944898042,73.6,0.6764270463849127,29.39731558550506,0.0773633959135652,0.1160450938703479,589,0.0,0.251207729468599,0.05,2.20479866891288,1,1,0,1,0,1-2m,scratch,1,36.78049835205079,16.68202129774786,60.076074,INFY.F,18390,2026-08-14 09:49:40.049654,2026-08-14 09:50:40.125728,379.9899841308594,1169.199951171875,2.68,price_bars,v3_baseline,fbe0d0c3cc37,0,,
0.5128512020423143,73.6,0.6764270463849127,29.39731558550506,0.0251431036719087,0.037714655507863,590,0.0,0.251207729468599,8.0,352.7677870260607,0,0,1,1,0,1-2m,scratch,0,-9.92,-0.0281204814181833,60.072864,INFY,18396,2026-08-14 09:50:40.780997,2026-08-14 09:51:40.853861,1169.199951171875,1169.199951171875,9.92,price_bars,v3_baseline,6bf983fdbdd8,0,,
0.5128512020423143,73.6,0.6764270463849127,35.47398585835256,0.0178082258325063,0.0267123387487594,590,0.0,0.251207729468599,5.0,266.05489393764424,0,0,1,1,0,1-2m,scratch,0,-10.57,-0.039728643377172,60.088791,BHARTIARTL,18415,2026-08-14 09:50:40.783793,2026-08-14 09:51:40.872584,1992.0,1992.0,10.57,price_bars,v3_baseline,5d359bde5046,0,,
0.5128512020423143,73.6,0.6764270463849127,32.384658235464954,0.02379824887819,0.0356973733172851,590,0.0,0.251207729468599,7.0,340.03891147238204,0,0,1,1,0,1-2m,scratch,0,-10.1,-0.0297024830372106,60.089104,HCLTECH,18422,2026-08-14 09:50:40.786398,2026-08-14 09:51:40.875502,1360.800048828125,1360.800048828125,10.1,price_bars,v3_baseline,935583f28875,0,,
0.5128512020423143,73.6,0.6764270463849127,74.64017530950416,0.02180930850845,0.032713962762675,590,0.0,0.251207729468599,2.0,223.9205259285125,0,0,1,1,0,1-2m,scratch,0,-7.26,-0.032422217525149,60.089427,M&M,18425,2026-08-14 09:50:40.788985,2026-08-14 09:51:40.878412,3422.39990234375,3422.39990234375,7.26,price_bars,v3_baseline,f2823eec7fb0,0,,
0.5128512020423143,73.6,0.6764270463849127,44.80491841781936,0.0223287745255434,0.0334931617883151,590,0.0,0.251207729468599,5.0,336.0368881336452,0,0,1,1,0,1-2m,scratch,0,-10.64,-0.0316631904880882,60.089651,BAJAJFINSV,18436,2026-08-14 09:50:40.791590,2026-08-14 09:51:40.881241,2006.5999755859373,2006.5999755859373,10.64,price_bars,v3_baseline,8492fa647815,0,,
0.5128512020423143,73.6,0.6764270463849127,110.97175553049424,0.0199949109063953,0.029992366359593,590,0.0,0.251207729468599,1.0,166.45763329574137,0,0,1,1,0,1-2m,scratch,0,-5.88,-0.0353243037497303,60.08761,BRITANNIA,18439,2026-08-14 09:50:40.796425,2026-08-14 09:51:40.884035,5550.0,5550.0,5.88,price_bars,v3_baseline,a194b3813a17,0,,
0.5128512020423143,73.6,0.6764270463849127,83.24175872757456,0.0257491207220654,0.0386236810830982,590,0.0,0.251207729468599,1.0,124.86263809136184,0,0,1,1,0,1-2m,scratch,0,-3.43,-0.0274701868583801,60.089177,GRASIM,18444,2026-08-14 09:50:40.799800,2026-08-14 09:51:40.888977,3232.800048828125,3232.800048828125,3.43,price_bars,v3_baseline,9d0f7f89c5ad,0,,
0.5128512020423143,73.6,0.6764270463849127,34.22163733176183,0.0228113841125176,0.0342170761687764,590,0.0,0.251207729468599,1.0,51.332455997642754,0,0,1,1,0,1-2m,scratch,0,-1.59,-0.0309745553587581,60.08952,NESTLEIND,18451,2026-08-14 09:50:40.802489,2026-08-14 09:51:40.892009,1500.199951171875,1500.199951171875,1.59,price_bars,v3_baseline,de0f77d76db9,0,,
0.5128512020423143,73.6,0.6764270463849127,1257.3167977773053,0.021676507406851,0.0325147611102765,590,0.0,0.251207729468599,0.0092,17.35097180932681,0,0,1,1,0,1-2m,scratch,0,-11.94,-0.688145893567863,60.087737,BNBUSDT,18501,2026-08-14 09:50:40.807101,2026-08-14 09:51:40.894838,58003.66148376465,58003.66148376465,11.94,price_bars,v3_baseline,a538489d836d,0,,
0.5128512020423143,73.6,0.6764270463849127,29.39731558550506,0.0773633959135652,0.1160450938703479,590,0.0,0.251207729468599,0.05,2.20479866891288,1,1,0,1,0,1-2m,scratch,1,36.78049835205079,16.68202129774786,60.083935,INFY.F,18518,2026-08-14 09:50:40.813694,2026-08-14 09:51:40.897629,379.9899841308594,1169.199951171875,2.68,price_bars,v3_baseline,8c33751d06f2,0,,
0.5067482513078804,73.6,0.6764270463849127,29.39731558550506,0.0251431036719087,0.037714655507863,591,0.0,0.251207729468599,8.0,352.7677870260607,0,0,1,1,0,1-2m,scratch,0,-9.92,-0.0281204814181833,101.448193,INFY,18524,2026-08-14 09:51:41.774711,2026-08-14 09:53:23.222904,1169.199951171875,1169.199951171875,9.92,price_bars,v3_baseline,1ebce4927fbc,0,,
0.5067482513078804,73.6,0.6764270463849127,35.47398585835256,0.0178082258325063,0.0267123387487594,591,0.0,0.251207729468599,5.0,266.05489393764424,0,0,1,1,0,1-2m,scratch,0,-10.57,-0.039728643377172,101.463514,BHARTIARTL,18543,2026-08-14 09:51:41.777515,2026-08-14 09:53:23.241029,1992.0,1992.0,10.57,price_bars,v3_baseline,20d6ae5e6a39,0,,
0.5067482513078804,73.6,0.6764270463849127,32.384658235464954,0.02379824887819,0.0356973733172851,591,0.0,0.251207729468599,7.0,340.03891147238204,0,0,1,1,0,1-2m,scratch,0,-10.1,-0.0297024830372106,101.468524,HCLTECH,18550,2026-08-14 09:51:41.780077,2026-08-14 09:53:23.248601,1360.800048828125,1360.800048828125,10.1,price_bars,v3_baseline,da03bd23ea33,0,,
0.5067482513078804,73.6,0.6764270463849127,74.64017530950416,0.02180930850845,0.032713962762675,591,0.0,0.251207729468599,2.0,223.9205259285125,0,0,1,1,0,1-2m,scratch,0,-7.26,-0.032422217525149,101.473012,M&M,18553,2026-08-14 09:51:41.782619,2026-08-14 09:53:23.255631,3422.39990234375,3422.39990234375,7.26,price_bars,v3_baseline,c2861809f19d,0,,
0.5067482513078804,73.6,0.6764270463849127,44.80491841781936,0.0223287745255434,0.0334931617883151,591,0.0,0.251207729468599,5.0,336.0368881336452,0,0,1,1,0,1-2m,scratch,0,-10.64,-0.0316631904880882,101.477537,BAJAJFINSV,18564,2026-08-14 09:51:41.785294,2026-08-14 09:53:23.262831,2006.5999755859373,2006.5999755859373,10.64,price_bars,v3_baseline,cf32f53dc19c,0,,
0.5067482513078804,73.6,0.6764270463849127,110.97175553049424,0.0199949109063953,0.029992366359593,591,0.0,0.251207729468599,1.0,166.45763329574137,0,0,1,1,0,1-2m,scratch,0,-5.88,-0.0353243037497303,101.478062,BRITANNIA,18567,2026-08-14 09:51:41.791714,2026-08-14 09:53:23.269776,5550.0,5550.0,5.88,price_bars,v3_baseline,326b02d85f5d,0,,
0.5067482513078804,73.6,0.6764270463849127,83.24175872757456,0.0257491207220654,0.0386236810830982,591,0.0,0.251207729468599,1.0,124.86263809136184,0,0,1,1,0,1-2m,scratch,0,-3.43,-0.0274701868583801,101.483193,GRASIM,18572,2026-08-14 09:51:41.794662,2026-08-14 09:53:23.277855,3232.800048828125,3232.800048828125,3.43,price_bars,v3_baseline,d19bcf5cd6a7,0,,
0.5067482513078804,73.6,0.6764270463849127,41.750364698477625,0.0338032268834521,0.0507048403251781,591,0.0,0.251207729468599,1.0,62.62554704771644,0,0,1,1,0,1-2m,scratch,0,-1.31,-0.0209179809479647,101.486062,LODHA,18597,2026-08-14 09:51:41.798876,2026-08-14 09:53:23.284938,1235.0999755859375,1235.0999755859375,1.31,price_bars,v3_baseline,6b943005f0c1,0,,
0.5067482513078804,73.6,0.6764270463849127,1257.3167977773053,0.021676507406851,0.0325147611102765,591,0.0,0.251207729468599,0.0118,22.254507320658306,0,0,1,1,0,1-2m,scratch,0,-15.308739545150772,-0.6878938870482229,101.491406,BNBUSDT,18629,2026-08-14 09:51:41.801889,2026-08-14 09:53:23.293295,58003.66148376465,58002.92084434509,15.3,price_bars,v3_baseline,739568017786,0,,
0.5067482513078804,73.6,0.6764270463849127,29.39731558550506,0.0773633959135652,0.1160450938703479,591,0.0,0.251207729468599,0.05,2.20479866891288,1,1,0,1,0,1-2m,scratch,1,36.78049835205079,16.68202129774786,101.492997,INFY.F,18646,2026-08-14 09:51:41.807648,2026-08-14 09:53:23.300645,379.9899841308594,1169.199951171875,2.68,price_bars,v3_baseline,d2dd0e3ac147,0,,
0.5013761928769714,73.6,0.6764270463849127,29.39731558550506,0.0251431036719087,0.037714655507863,593,0.0,0.251207729468599,8.0,352.7677870260607,0,0,1,1,0,1-2m,scratch,0,-9.92,-0.0281204814181833,60.117434,INFY,18652,2026-08-14 09:53:24.449490,2026-08-14 09:54:24.566924,1169.199951171875,1169.199951171875,9.92,price_bars,v3_baseline,f8c342f6d4b6,0,,
0.5013761928769714,73.6,0.6764270463849127,35.47398585835256,0.0178082258325063,0.0267123387487594,593,0.0,0.251207729468599,5.0,266.05489393764424,0,0,1,1,0,1-2m,scratch,0,-10.57,-0.039728643377172,60.112876,BHARTIARTL,18671,2026-08-14 09:53:24.457176,2026-08-14 09:54:24.570052,1992.0,1992.0,10.57,price_bars,v3_baseline,3d643a30dbce,0,,
0.5013761928769714,73.6,0.6764270463849127,32.384658235464954,0.02379824887819,0.0356973733172851,593,0.0,0.251207729468599,7.0,340.03891147238204,0,0,1,1,0,1-2m,scratch,0,-10.1,-0.0297024830372106,60.109763,HCLTECH,18678,2026-08-14 09:53:24.463284,2026-08-14 09:54:24.573047,1360.800048828125,1360.800048828125,10.1,price_bars,v3_baseline,10eff8ecd566,0,,
0.5013761928769714,73.6,0.6764270463849127,74.64017530950416,0.02180930850845,0.032713962762675,593,0.0,0.251207729468599,2.0,223.9205259285125,0,0,1,1,0,1-2m,scratch,0,-7.26,-0.032422217525149,60.106525,M&M,18681,2026-08-14 09:53:24.469372,2026-08-14 09:54:24.575897,3422.39990234375,3422.39990234375,7.26,price_bars,v3_baseline,54d0422e9fb1,0,,
0.5013761928769714,73.6,0.6764270463849127,44.80491841781936,0.0223287745255434,0.0334931617883151,593,0.0,0.251207729468599,5.0,336.0368881336452,0,0,1,1,0,1-2m,scratch,0,-10.64,-0.0316631904880882,60.102207,BAJAJFINSV,18692,2026-08-14 09:53:24.476483,2026-08-14 09:54:24.578690,2006.5999755859373,2006.5999755859373,10.64,price_bars,v3_baseline,1b8ac791c681,0,,
0.5013761928769714,73.6,0.6764270463849127,110.97175553049424,0.0199949109063953,0.029992366359593,593,0.0,0.251207729468599,1.0,166.45763329574137,0,0,1,1,0,1-2m,scratch,0,-5.88,-0.0353243037497303,60.098797,BRITANNIA,18695,2026-08-14 09:53:24.482897,2026-08-14 09:54:24.581694,5550.0,5550.0,5.88,price_bars,v3_baseline,1c350be287ed,0,,
0.5013761928769714,73.6,0.6764270463849127,83.24175872757456,0.0257491207220654,0.0386236810830982,593,0.0,0.251207729468599,1.0,124.86263809136184,0,0,1,1,0,1-2m,scratch,0,-3.43,-0.0274701868583801,60.093717,GRASIM,18700,2026-08-14 09:53:24.490785,2026-08-14 09:54:24.584502,3232.800048828125,3232.800048828125,3.43,price_bars,v3_baseline,41ffbe39e423,0,,
0.5013761928769714,73.6,0.6764270463849127,41.750364698477625,0.0338032268834521,0.0507048403251781,593,0.0,0.251207729468599,1.0,62.62554704771644,0,0,1,1,0,1-2m,scratch,0,-1.31,-0.0209179809479647,60.085994,LODHA,18725,2026-08-14 09:53:24.501252,2026-08-14 09:54:24.587246,1235.0999755859375,1235.0999755859375,1.31,price_bars,v3_baseline,5c91801ed1b7,0,,
0.5013761928769714,73.6,0.6764270463849127,1257.3167977773053,0.0216767841942202,0.0325151762913303,593,0.0,0.251207729468599,0.0114,21.50011724199192,0,0,1,1,0,1-2m,scratch,0,-14.78,-0.6874381117854164,60.081463,BNBUSDT,18757,2026-08-14 09:53:24.508517,2026-08-14 09:54:24.589980,58002.92084434509,58002.92084434509,14.78,price_bars,v3_baseline,47d08ab986bd,0,,
0.5013761928769714,73.6,0.6764270463849127,29.39731558550506,0.0773633959135652,0.1160450938703479,593,0.0,0.251207729468599,0.05,2.20479866891288,1,1,0,1,0,1-2m,scratch,1,36.78049835205079,16.68202129774786,60.076414,INFY.F,18774,2026-08-14 09:53:24.516314,2026-08-14 09:54:24.592728,379.9899841308594,1169.199951171875,2.68,price_bars,v3_baseline,df751f594409,0,,
0.4966111466981426,73.6,0.6764270463849127,29.39731558550506,0.0251431036719087,0.037714655507863,594,0.0,0.251207729468599,8.0,352.7677870260607,0,0,1,1,0,1-2m,scratch,0,-9.92,-0.0281204814181833,109.265472,INFY,19292,2026-08-14 09:54:25.005113,2026-08-14 09:56:14.270585,1169.199951171875,1169.199951171875,9.92,price_bars,v3_baseline,13765c7b7057,0,,
0.4966111466981426,73.6,0.6764270463849127,35.47398585835256,0.0178082258325063,0.0267123387487594,594,0.0,0.251207729468599,5.0,266.05489393764424,0,0,1,1,0,1-2m,scratch,0,-10.57,-0.039728643377172,109.266243,BHARTIARTL,19311,2026-08-14 09:54:25.007836,2026-08-14 09:56:14.274079,1992.0,1992.0,10.57,price_bars,v3_baseline,5d092ba54162,0,,
0.4966111466981426,73.6,0.6764270463849127,32.384658235464954,0.02379824887819,0.0356973733172851,594,0.0,0.251207729468599,7.0,340.03891147238204,0,0,1,1,0,1-2m,scratch,0,-10.1,-0.0297024830372106,109.268463,HCLTECH,19318,2026-08-14 09:54:25.010508,2026-08-14 09:56:14.278971,1360.800048828125,1360.800048828125,10.1,price_bars,v3_baseline,a5b7da65851c,0,,
0.4966111466981426,73.6,0.6764270463849127,74.64017530950416,0.02180930850845,0.032713962762675,594,0.0,0.251207729468599,2.0,223.9205259285125,0,0,1,1,0,1-2m,scratch,0,-7.26,-0.032422217525149,109.268967,M&M,19321,2026-08-14 09:54:25.013148,2026-08-14 09:56:14.282115,3422.39990234375,3422.39990234375,7.26,price_bars,v3_baseline,5b20a8d13adf,0,,
0.4966111466981426,73.6,0.6764270463849127,44.80491841781936,0.0223287745255434,0.0334931617883151,594,0.0,0.251207729468599,5.0,336.0368881336452,0,0,1,1,0,1-2m,scratch,0,-10.64,-0.0316631904880882,109.271016,BAJAJFINSV,19332,2026-08-14 09:54:25.015684,2026-08-14 09:56:14.286700,2006.5999755859373,2006.5999755859373,10.64,price_bars,v3_baseline,4c5d95e2e2df,0,,
0.4966111466981426,73.6,0.6764270463849127,110.97175553049424,0.0199949109063953,0.029992366359593,594,0.0,0.251207729468599,1.0,166.45763329574137,0,0,1,1,0,1-2m,scratch,0,-5.88,-0.0353243037497303,109.271483,BRITANNIA,19335,2026-08-14 09:54:25.018207,2026-08-14 09:56:14.289690,5550.0,5550.0,5.88,price_bars,v3_baseline,d7764901c377,0,,
0.4966111466981426,73.6,0.6764270463849127,83.24175872757456,0.0257491207220654,0.0386236810830982,594,0.0,0.251207729468599,1.0,124.86263809136184,0,0,1,1,0,1-2m,scratch,0,-3.43,-0.0274701868583801,109.271478,GRASIM,19340,2026-08-14 09:54:25.020999,2026-08-14 09:56:14.292477,3232.800048828125,3232.800048828125,3.43,price_bars,v3_baseline,55a098c14365,0,,
0.4966111466981426,73.6,0.6764270463849127,41.750364698477625,0.0338032268834521,0.0507048403251781,594,0.0,0.251207729468599,1.0,62.62554704771644,0,0,1,1,0,1-2m,scratch,0,-1.31,-0.0209179809479647,109.270092,LODHA,19365,2026-08-14 09:54:25.025147,2026-08-14 09:56:14.295239,1235.0999755859375,1235.0999755859375,1.31,price_bars,v3_baseline,15e6b0bfe43a,0,,
0.4966111466981426,73.6,0.6764270463849127,1257.3167977773053,0.0216767841942202,0.0325151762913303,594,0.0,0.251207729468599,0.0109,20.55712964365894,0,0,1,1,0,1-2m,scratch,0,-14.14,-0.6878392190498069,109.269883,BNBUSDT,19397,2026-08-14 09:54:25.028216,2026-08-14 09:56:14.298099,58002.92084434509,58002.92084434509,14.14,price_bars,v3_baseline,3025b5bbf143,0,,
0.4966111466981426,73.6,0.6764270463849127,29.39731558550506,0.0773633959135652,0.1160450938703479,594,0.0,0.251207729468599,0.05,2.20479866891288,1,1,0,1,0,1-2m,scratch,1,36.78049835205079,16.68202129774786,109.269914,INFY.F,19414,2026-08-14 09:54:25.031289,2026-08-14 09:56:14.301203,379.9899841308594,1169.199951171875,2.68,price_bars,v3_baseline,dd079a708078,0,,
0.4923557311266753,73.6,0.6764270463849127,29.39731558550506,0.0251431036719087,0.037714655507863,596,0.0,0.251207729468599,8.0,352.7677870260607,0,0,1,1,0,<1m,scratch,0,-9.92,-0.0281204814181833,10.287656,INFY,20828,2026-08-14 09:56:14.764068,2026-08-14 09:56:25.051724,1169.199951171875,1169.199951171875,9.92,price_bars,v3_baseline,b92d18e583cf,0,,
0.4923557311266753,73.6,0.6764270463849127,35.47398585835256,0.0178082258325063,0.0267123387487594,596,0.0,0.251207729468599,5.0,266.05489393764424,0,0,1,1,0,<1m,scratch,0,-10.57,-0.039728643377172,10.287923,BHARTIARTL,20847,2026-08-14 09:56:14.767091,2026-08-14 09:56:25.055014,1992.0,1992.0,10.57,price_bars,v3_baseline,31e7d33dfb00,0,,
0.4923557311266753,73.6,0.6764270463849127,32.384658235464954,0.02379824887819,0.0356973733172851,596,0.0,0.251207729468599,7.0,340.03891147238204,0,0,1,1,0,<1m,scratch,0,-10.1,-0.0297024830372106,10.287023,HCLTECH,20854,2026-08-14 09:56:14.770816,2026-08-14 09:56:25.057839,1360.800048828125,1360.800048828125,10.1,price_bars,v3_baseline,065ff3b2efb1,0,,
0.4923557311266753,73.6,0.6764270463849127,74.64017530950416,0.02180930850845,0.032713962762675,596,0.0,0.251207729468599,2.0,223.9205259285125,0,0,1,1,0,<1m,scratch,0,-7.26,-0.032422217525149,10.286931,M&M,20857,2026-08-14 09:56:14.773671,2026-08-14 09:56:25.060602,3422.39990234375,3422.39990234375,7.26,price_bars,v3_baseline,ca6888190d8d,0,,
0.4923557311266753,73.6,0.6764270463849127,44.80491841781936,0.0223287745255434,0.0334931617883151,596,0.0,0.251207729468599,5.0,336.0368881336452,0,0,1,1,0,<1m,scratch,0,-10.64,-0.0316631904880882,10.287138,BAJAJFINSV,20868,2026-08-14 09:56:14.776299,2026-08-14 09:56:25.063437,2006.5999755859373,2006.5999755859373,10.64,price_bars,v3_baseline,0e6d40402ce3,0,,
0.4923557311266753,73.6,0.6764270463849127,110.97175553049424,0.0199949109063953,0.029992366359593,596,0.0,0.251207729468599,1.0,166.45763329574137,0,0,1,1,0,<1m,scratch,0,-5.88,-0.0353243037497303,10.287771,BRITANNIA,20871,2026-08-14 09:56:14.778857,2026-08-14 09:56:25.066628,5550.0,5550.0,5.88,price_bars,v3_baseline,2e37a4ed7209,0,,
0.4923557311266753,73.6,0.6764270463849127,83.24175872757456,0.0257491207220654,0.0386236810830982,596,0.0,0.251207729468599,1.0,124.86263809136184,0,0,1,1,0,<1m,scratch,0,-3.43,-0.0274701868583801,10.289592,GRASIM,20876,2026-08-14 09:56:14.781783,2026-08-14 09:56:25.071375,3232.800048828125,3232.800048828125,3.43,price_bars,v3_baseline,d8055fb317d9,0,,
0.4923557311266753,73.6,0.6764270463849127,41.750364698477625,0.0338032268834521,0.0507048403251781,596,0.0,0.251207729468599,1.0,62.62554704771644,0,0,1,1,0,<1m,scratch,0,-1.31,-0.0209179809479647,10.287749,LODHA,20901,2026-08-14 09:56:14.786715,2026-08-14 09:56:25.074464,1235.0999755859375,1235.0999755859375,1.31,price_bars,v3_baseline,540ffcbe79a1,0,,
0.4923557311266753,73.6,0.6764270463849127,1257.3167977773053,0.0216767841942202,0.0325151762913303,596,0.0,0.251207729468599,0.0105,19.80273956499256,0,0,1,1,0,<1m,scratch,0,-13.62,-0.6877836248514597,10.287554,BNBUSDT,20933,2026-08-14 09:56:14.789700,2026-08-14 09:56:25.077254,58002.92084434509,58002.92084434509,13.62,price_bars,v3_baseline,aece265f5371,0,,
0.4923557311266753,73.6,0.6764270463849127,29.39731558550506,0.0773633959135652,0.1160450938703479,596,0.0,0.251207729468599,0.05,2.20479866891288,1,1,0,1,0,<1m,scratch,1,36.78049835205079,16.68202129774786,10.287183,INFY.F,20950,2026-08-14 09:56:14.792837,2026-08-14 09:56:25.080020,379.9899841308594,1169.199951171875,2.68,price_bars,v3_baseline,22e7e1d7f807,0,,
0.488532337440636,73.6,0.6764270463849127,29.39731558550506,0.0251431036719087,0.037714655507863,596,0.0,0.251207729468599,8.0,352.7677870260607,0,0,1,1,0,1-2m,scratch,0,-9.92,-0.0281204814181833,60.041948,INFY,21084,2026-08-14 09:56:25.500992,2026-08-14 09:57:25.542940,1169.199951171875,1169.199951171875,9.92,price_bars,v3_baseline,1a14ee9cb338,0,,
0.488532337440636,73.6,0.6764270463849127,35.47398585835256,0.0178082258325063,0.0267123387487594,596,0.0,0.251207729468599,5.0,266.05489393764424,0,0,1,1,0,1-2m,scratch,0,-10.57,-0.039728643377172,60.0423,BHARTIARTL,21103,2026-08-14 09:56:25.503770,2026-08-14 09:57:25.546070,1992.0,1992.0,10.57,price_bars,v3_baseline,ffcb41a9724b,0,,
0.488532337440636,73.6,0.6764270463849127,32.384658235464954,0.02379824887819,0.0356973733172851,596,0.0,0.251207729468599,7.0,340.03891147238204,0,0,1,1,0,1-2m,scratch,0,-10.1,-0.0297024830372106,60.042561,HCLTECH,21110,2026-08-14 09:56:25.506401,2026-08-14 09:57:25.548962,1360.800048828125,1360.800048828125,10.1,price_bars,v3_baseline,888c3b7530e8,0,,
0.488532337440636,73.6,0.6764270463849127,74.64017530950416,0.02180930850845,0.032713962762675,596,0.0,0.251207729468599,2.0,223.9205259285125,0,0,1,1,0,1-2m,scratch,0,-7.26,-0.032422217525149,60.042814,M&M,21113,2026-08-14 09:56:25.508988,2026-08-14 09:57:25.551802,3422.39990234375,3422.39990234375,7.26,price_bars,v3_baseline,dfb6e1dabd95,0,,
0.488532337440636,73.6,0.6764270463849127,44.80491841781936,0.0223287745255434,0.0334931617883151,596,0.0,0.251207729468599,5.0,336.0368881336452,0,0,1,1,0,1-2m,scratch,0,-10.64,-0.0316631904880882,60.043059,BAJAJFINSV,21124,2026-08-14 09:56:25.511569,2026-08-14 09:57:25.554628,2006.5999755859373,2006.5999755859373,10.64,price_bars,v3_baseline,a62ce38eca45,0,,
0.488532337440636,73.6,0.6764270463849127,110.97175553049424,0.0199949109063953,0.029992366359593,596,0.0,0.251207729468599,1.0,166.45763329574137,0,0,1,1,0,1-2m,scratch,0,-5.88,-0.0353243037497303,60.043165,BRITANNIA,21127,2026-08-14 09:56:25.514412,2026-08-14 09:57:25.557577,5550.0,5550.0,5.88,price_bars,v3_baseline,6234659674ce,0,,
0.488532337440636,73.6,0.6764270463849127,83.24175872757456,0.0257491207220654,0.0386236810830982,596,0.0,0.251207729468599,1.0,124.86263809136184,0,0,1,1,0,1-2m,scratch,0,-3.43,-0.0274701868583801,60.043425,GRASIM,21132,2026-08-14 09:56:25.517306,2026-08-14 09:57:25.560731,3232.800048828125,3232.800048828125,3.43,price_bars,v3_baseline,121c847d004b,0,,
0.488532337440636,73.6,0.6764270463849127,41.750364698477625,0.0338032268834521,0.0507048403251781,596,0.0,0.251207729468599,1.0,62.62554704771644,0,0,1,1,0,1-2m,scratch,0,-1.31,-0.0209179809479647,60.04204,LODHA,21157,2026-08-14 09:56:25.521513,2026-08-14 09:57:25.563553,1235.0999755859375,1235.0999755859375,1.31,price_bars,v3_baseline,0ca942a64230,0,,
0.488532337440636,73.6,0.6764270463849127,1257.3167977773053,0.0216767841942202,0.0325151762913303,596,0.0,0.251207729468599,0.0101,19.048349486326178,0,0,1,1,0,1-2m,scratch,0,-13.100000000000072,-0.6877236271522571,60.042053,BNBUSDT,21189,2026-08-14 09:56:25.524417,2026-08-14 09:57:25.566470,58002.9208443451,58002.92084434509,13.1,price_bars,v3_baseline,c6ba7427096b,0,,
0.488532337440636,73.6,0.6764270463849127,29.39731558550506,0.0773633959135652,0.1160450938703479,596,0.0,0.251207729468599,0.05,2.20479866891288,1,1,0,1,0,1-2m,scratch,1,36.78049835205079,16.68202129774786,60.041724,INFY.F,21206,2026-08-14 09:56:25.527547,2026-08-14 09:57:25.569271,379.9899841308594,1169.199951171875,2.68,price_bars,v3_baseline,7a8e1fb14592,0,,
