date,open,high,low,close,volume,symbol,exchange,source,interval
2021-08-15,1153.31,1153.31,1153.31,1153.31,73,NTPC,NSE,jugaad-data,1d
2021-08-16,13.82,13.89,13.82,13.88,28220,NTPC,NSE,jugaad-data,1d
2021-08-17,1330.0,1334.0,1327.0,1334.0,54,NTPC,NSE,jugaad-data,1d
2021-08-19,1425.0,1430.0,1414.0,1426.51,193,NTPC,NSE,jugaad-data,1d
2021-08-22,1247.61,1247.61,1247.61,1247.61,1,NTPC,NSE,jugaad-data,1d
2021-08-23,1336.0,1338.0,1336.0,1338.0,50,NTPC,NSE,jugaad-data,1d
2021-08-24,1430.0,1430.0,1430.0,1430.0,41,NTPC,NSE,jugaad-data,1d
2021-08-25,1153.31,1153.31,1153.31,1153.31,157,NTPC,NSE,jugaad-data,1d
2021-08-26,1329.0,1595.0,1329.0,1589.99,28,NTPC,NSE,jugaad-data,1d
2021-08-29,13.81,13.94,13.81,13.84,37920,NTPC,NSE,jugaad-data,1d
2021-08-30,1250.0,1250.0,1250.0,1250.0,78,NTPC,NSE,jugaad-data,1d
2021-09-15,1153.09,1153.09,1153.0,1153.0,221,NTPC,NSE,jugaad-data,1d
2021-09-16,1148.8,1148.99,1148.8,1148.8,350,NTPC,NSE,jugaad-data,1d
2021-09-19,1300.0,1300.0,1300.0,1300.0,1,NTPC,NSE,jugaad-data,1d
2021-09-20,122.3,125.4,122.1,124.1,8629222,NTPC,NSE,jugaad-data,1d
2021-09-21,1300.0,1300.0,1295.0,1295.0,59,NTPC,NSE,jugaad-data,1d
2021-09-22,13.88,14.0,13.88,13.9,62452,NTPC,NSE,jugaad-data,1d
2021-09-23,1296.0,1296.0,1288.4,1288.64,487,NTPC,NSE,jugaad-data,1d
2021-09-26,1265.0,1265.0,1265.0,1265.0,50,NTPC,NSE,jugaad-data,1d
2021-09-27,1304.75,1304.75,1304.75,1304.75,1,NTPC,NSE,jugaad-data,1d
2021-09-28,1179.6,1179.6,1179.6,1179.6,2,NTPC,NSE,jugaad-data,1d
2021-09-29,1189.0,1189.0,1189.0,1189.0,1,NTPC,NSE,jugaad-data,1d
2021-10-11,1450.0,1450.0,1447.0,1447.22,715,NTPC,NSE,jugaad-data,1d
2021-10-12,1276.0,1276.0,1276.0,1276.0,1,NTPC,NSE,jugaad-data,1d
2021-10-13,1182.0,1182.0,1182.0,1182.0,100,NTPC,NSE,jugaad-data,1d
2021-10-17,1295.0,1295.0,1295.0,1295.0,2,NTPC,NSE,jugaad-data,1d
2021-10-18,1469.0,1470.6,1443.1,1443.89,32,NTPC,NSE,jugaad-data,1d
2021-10-19,1445.0,1449.0,1445.0,1449.0,58,NTPC,NSE,jugaad-data,1d
2021-10-20,147.7,148.55,145.9,147.9,20818539,NTPC,NSE,jugaad-data,1d
2021-10-21,13.93,13.96,13.92,13.94,30845,NTPC,NSE,jugaad-data,1d
2021-10-24,13.94,13.97,13.83,13.93,95017,NTPC,NSE,jugaad-data,1d
2021-10-25,1300.0,1300.0,1300.0,1300.0,1,NTPC,NSE,jugaad-data,1d
2021-10-26,1469.0,1469.0,1460.0,1460.0,67,NTPC,NSE,jugaad-data,1d
2021-10-27,1285.0,1285.0,1285.0,1285.0,1,NTPC,NSE,jugaad-data,1d
2021-10-28,13.95,14.0,13.89,13.95,29194,NTPC,NSE,jugaad-data,1d
2021-11-11,13.95,14.08,13.92,13.95,104985,NTPC,NSE,jugaad-data,1d
2021-11-14,137.3,137.65,136.0,137.15,3991733,NTPC,NSE,jugaad-data,1d
2021-11-15,137.7,137.8,134.0,134.3,5762128,NTPC,NSE,jugaad-data,1d
2021-11-16,134.0,138.0,134.0,136.45,15264066,NTPC,NSE,jugaad-data,1d
2021-11-17,1290.0,1300.0,1290.0,1298.99,270,NTPC,NSE,jugaad-data,1d
2021-11-21,13.96,14.0,13.91,13.97,109072,NTPC,NSE,jugaad-data,1d
2021-11-22,130.05,133.75,128.15,133.5,11510010,NTPC,NSE,jugaad-data,1d
2021-11-23,1477.0,1477.0,1470.01,1470.01,5,NTPC,NSE,jugaad-data,1d
2021-11-24,1146.25,1150.0,1146.25,1150.0,3,NTPC,NSE,jugaad-data,1d
2021-11-25,1189.5,1193.0,1189.5,1192.0,278,NTPC,NSE,jugaad-data,1d
2021-11-28,127.8,129.35,125.05,126.5,16077669,NTPC,NSE,jugaad-data,1d
2021-11-29,1425.0,1425.0,1401.0,1401.0,8,NTPC,NSE,jugaad-data,1d
2021-12-19,1300.0,1300.0,1300.0,1300.0,1,NTPC,NSE,jugaad-data,1d
2021-12-20,14.01,14.1,14.01,14.04,49988,NTPC,NSE,jugaad-data,1d
2021-12-21,1130.55,1130.55,1130.55,1130.55,64,NTPC,NSE,jugaad-data,1d
2021-12-22,14.03,14.15,14.03,14.06,33678,NTPC,NSE,jugaad-data,1d
2021-12-23,1498.0,1498.0,1285.0,1285.0,120,NTPC,NSE,jugaad-data,1d
2021-12-26,121.25,122.15,120.6,121.85,5097217,NTPC,NSE,jugaad-data,1d
2021-12-27,13.96,14.1,13.96,14.05,16850,NTPC,NSE,jugaad-data,1d
2021-12-28,124.6,124.75,122.2,123.15,8960770,NTPC,NSE,jugaad-data,1d
2021-12-29,1148.0,1148.0,1106.8,1123.03,165,NTPC,NSE,jugaad-data,1d
2021-12-30,1145.0,1147.0,1139.85,1139.85,59,NTPC,NSE,jugaad-data,1d
2022-01-16,1100.0,1100.0,1074.1,1098.0,812,NTPC,NSE,jugaad-data,1d
2022-01-17,1110.0,1128.59,1110.0,1128.59,360,NTPC,NSE,jugaad-data,1d
2022-01-18,1074.0,1085.0,1074.0,1085.0,406,NTPC,NSE,jugaad-data,1d
2022-01-19,1085.0,1085.0,1079.5,1079.96,950,NTPC,NSE,jugaad-data,1d
2022-01-20,14.04,14.05,14.03,14.03,13407,NTPC,NSE,jugaad-data,1d
2022-01-23,1075.81,1075.81,1075.81,1075.81,10,NTPC,NSE,jugaad-data,1d
2022-01-24,1134.7,1134.7,1134.7,1134.7,160,NTPC,NSE,jugaad-data,1d
2022-01-26,14.06,14.1,14.0,14.03,21138,NTPC,NSE,jugaad-data,1d
2022-01-27,1388.9,1388.9,1380.0,1385.0,1087,NTPC,NSE,jugaad-data,1d
2022-01-30,1119.0,1119.0,1119.0,1119.0,350,NTPC,NSE,jugaad-data,1d
2022-02-14,1397.9,1398.0,1397.9,1398.0,315,NTPC,NSE,jugaad-data,1d
2022-02-15,1388.0,1388.0,1388.0,1388.0,296,NTPC,NSE,jugaad-data,1d
2022-02-16,1100.0,1100.0,1088.5,1088.5,150,NTPC,NSE,jugaad-data,1d
2022-02-17,1361.0,1361.0,1361.0,1361.0,46,NTPC,NSE,jugaad-data,1d
2022-02-20,1074.0,1077.0,1074.0,1077.0,2,NTPC,NSE,jugaad-data,1d
2022-02-21,1231.75,1231.75,1231.75,1231.75,1000,NTPC,NSE,jugaad-data,1d
2022-02-22,132.0,133.45,129.85,130.2,9263264,NTPC,NSE,jugaad-data,1d
2022-02-23,1325.0,1327.0,1320.0,1320.0,9,NTPC,NSE,jugaad-data,1d
2022-02-24,1092.15,1095.3,1092.15,1095.3,100,NTPC,NSE,jugaad-data,1d
2022-02-27,128.95,133.95,128.8,133.5,13262687,NTPC,NSE,jugaad-data,1d
2022-03-16,13.11,13.15,13.1,13.13,29230,NTPC,NSE,jugaad-data,1d
2022-03-20,1115.1,1115.1,1115.1,1115.1,3,NTPC,NSE,jugaad-data,1d
2022-03-21,1084.1,1084.1,1084.1,1084.1,1,NTPC,NSE,jugaad-data,1d
2022-03-22,1319.99,1319.99,1315.0,1315.83,6,NTPC,NSE,jugaad-data,1d
2022-03-23,1084.11,1084.11,1084.11,1084.11,27,NTPC,NSE,jugaad-data,1d
2022-03-24,1574.0,1574.0,1574.0,1574.0,11,NTPC,NSE,jugaad-data,1d
2022-03-27,1091.0,1091.0,1091.0,1091.0,50,NTPC,NSE,jugaad-data,1d
2022-03-28,1200.8,1200.8,1200.8,1200.8,10,NTPC,NSE,jugaad-data,1d
2022-03-29,1200.6,1200.6,1200.6,1200.6,10,NTPC,NSE,jugaad-data,1d
2022-03-30,1201.6,1201.6,1201.6,1201.6,20,NTPC,NSE,jugaad-data,1d
2022-04-12,1242.0,1242.0,1242.0,1242.0,250,NTPC,NSE,jugaad-data,1d
2022-04-17,1386.99,1386.99,1375.0,1378.64,266,NTPC,NSE,jugaad-data,1d
2022-04-18,1125.5,1125.5,1125.01,1125.01,157,NTPC,NSE,jugaad-data,1d
2022-04-19,1089.0,1089.0,1089.0,1089.0,100,NTPC,NSE,jugaad-data,1d
2022-04-20,1242.5,1242.5,1242.5,1242.5,400,NTPC,NSE,jugaad-data,1d
2022-04-21,161.25,163.0,159.85,160.45,9922564,NTPC,NSE,jugaad-data,1d
2022-04-24,1380.0,1380.0,1375.0,1375.0,13,NTPC,NSE,jugaad-data,1d
2022-04-25,1490.0,1490.0,1490.0,1490.0,45,NTPC,NSE,jugaad-data,1d
2022-04-26,1369.9,1369.9,1352.01,1352.01,401,NTPC,NSE,jugaad-data,1d
2022-04-27,1360.01,1360.01,1360.0,1360.0,200,NTPC,NSE,jugaad-data,1d
2022-04-28,1238.01,1400.0,1238.01,1266.0,52,NTPC,NSE,jugaad-data,1d
2022-05-15,1073.0,1073.0,1072.32,1072.34,500,NTPC,NSE,jugaad-data,1d
2022-05-16,1193.38,1193.38,1193.38,1193.38,15,NTPC,NSE,jugaad-data,1d
2022-05-17,1078.5,1087.0,1078.5,1083.6,50,NTPC,NSE,jugaad-data,1d
2022-05-18,1345.0,1345.0,1345.0,1345.0,201,NTPC,NSE,jugaad-data,1d
2022-05-19,1331.15,1331.15,1331.01,1331.01,14,NTPC,NSE,jugaad-data,1d
2022-05-22,13.09,13.2,13.09,13.13,34810,NTPC,NSE,jugaad-data,1d
2022-05-23,1239.8,1239.8,1239.8,1239.8,25,NTPC,NSE,jugaad-data,1d
2022-05-24,1265.1,1274.99,1265.1,1266.25,162,NTPC,NSE,jugaad-data,1d
2022-05-25,1271.0,1275.0,1221.21,1221.21,799,NTPC,NSE,jugaad-data,1d
2022-05-26,1396.97,1396.97,1396.97,1396.97,1,NTPC,NSE,jugaad-data,1d
2022-05-29,1213.0,1213.0,1213.0,1213.0,35,NTPC,NSE,jugaad-data,1d
2022-05-30,1120.01,1120.01,1120.01,1120.01,6,NTPC,NSE,jugaad-data,1d
2022-06-15,1200.0,1200.0,1200.0,1200.0,105,NTPC,NSE,jugaad-data,1d
2022-06-16,1200.0,1200.0,1195.01,1197.54,195,NTPC,NSE,jugaad-data,1d
2022-06-19,1120.0,1120.0,1101.1,1118.02,158,NTPC,NSE,jugaad-data,1d
2022-06-20,1094.74,1094.74,1094.74,1094.74,50,NTPC,NSE,jugaad-data,1d
2022-06-21,1244.0,1265.9,1244.0,1265.9,110,NTPC,NSE,jugaad-data,1d
2022-06-22,1120.0,1120.0,1120.0,1120.0,50,NTPC,NSE,jugaad-data,1d
2022-06-23,1249.9,1249.9,1249.9,1249.9,74,NTPC,NSE,jugaad-data,1d
2022-06-26,1120.0,1120.0,1107.31,1107.31,309,NTPC,NSE,jugaad-data,1d
2022-06-27,1090.0,1094.9,1090.0,1091.56,1225,NTPC,NSE,jugaad-data,1d
2022-06-28,1199.99,1199.99,1199.99,1199.99,1,NTPC,NSE,jugaad-data,1d
2022-06-29,1109.0,1109.0,1109.0,1109.0,16,NTPC,NSE,jugaad-data,1d
2022-07-12,1274.39,1274.39,1274.39,1274.39,1,NTPC,NSE,jugaad-data,1d
2022-07-13,1274.99,1274.99,1274.99,1274.99,1,NTPC,NSE,jugaad-data,1d
2022-07-14,1353.0,1353.01,1352.0,1353.01,65,NTPC,NSE,jugaad-data,1d
2022-07-17,151.4,151.55,149.3,149.8,8286352,NTPC,NSE,jugaad-data,1d
2022-07-18,1270.1,1270.1,1270.1,1270.1,50,NTPC,NSE,jugaad-data,1d
2022-07-19,1265.1,1268.8,1242.11,1242.11,176,NTPC,NSE,jugaad-data,1d
2022-07-20,151.0,151.25,150.0,150.85,7521568,NTPC,NSE,jugaad-data,1d
2022-07-21,1278.0,1278.0,1278.0,1278.0,1,NTPC,NSE,jugaad-data,1d
2022-07-24,13.0,13.28,13.0,13.2,66254,NTPC,NSE,jugaad-data,1d
2022-07-25,1268.5,1268.5,1268.5,1268.5,107,NTPC,NSE,jugaad-data,1d
2022-07-26,1398.0,1398.0,1351.1,1365.0,225,NTPC,NSE,jugaad-data,1d
2022-07-27,1266.0,1266.1,1266.0,1266.1,110,NTPC,NSE,jugaad-data,1d
2022-07-28,150.95,154.45,150.45,152.95,11771461,NTPC,NSE,jugaad-data,1d
2022-08-15,1250.0,1250.0,1200.42,1200.42,101,NTPC,NSE,jugaad-data,1d
2022-08-16,1359.9,1359.9,1359.9,1359.9,50,NTPC,NSE,jugaad-data,1d
2022-08-17,13.33,13.35,13.25,13.31,42785,NTPC,NSE,jugaad-data,1d
2022-08-18,161.05,161.65,157.15,157.75,9599472,NTPC,NSE,jugaad-data,1d
2022-08-21,13.29,13.36,13.21,13.25,136140,NTPC,NSE,jugaad-data,1d
2022-08-22,1218.0,1218.0,1218.0,1218.0,45,NTPC,NSE,jugaad-data,1d
2022-08-23,13.26,14.5,13.26,13.29,22661,NTPC,NSE,jugaad-data,1d
2022-08-24,161.35,161.95,158.45,158.9,12889454,NTPC,NSE,jugaad-data,1d
2022-08-25,13.28,13.35,13.28,13.28,29810,NTPC,NSE,jugaad-data,1d
2022-08-28,1250.0,1300.0,1250.0,1300.0,15,NTPC,NSE,jugaad-data,1d
2022-08-29,1375.0,1375.0,1375.0,1375.0,197,NTPC,NSE,jugaad-data,1d
2022-09-13,1221.0,1221.0,1221.0,1221.0,40,NTPC,NSE,jugaad-data,1d
2022-09-14,1115.0,1115.0,1115.0,1115.0,100,NTPC,NSE,jugaad-data,1d
2022-09-15,1112.41,1112.41,1112.41,1112.41,15,NTPC,NSE,jugaad-data,1d
2022-09-18,13.4,13.5,13.39,13.4,23517,NTPC,NSE,jugaad-data,1d
2022-09-19,1119.36,1119.5,1097.0,1097.9,33,NTPC,NSE,jugaad-data,1d
2022-09-20,13.39,13.4,13.34,13.37,41314,NTPC,NSE,jugaad-data,1d
2022-09-21,1097.9,1097.9,1097.9,1097.9,1,NTPC,NSE,jugaad-data,1d
2022-09-22,1149.0,1149.0,1149.0,1149.0,25,NTPC,NSE,jugaad-data,1d
2022-09-25,1120.36,1120.36,1120.36,1120.36,32,NTPC,NSE,jugaad-data,1d
2022-09-26,13.29,13.35,13.26,13.29,18275,NTPC,NSE,jugaad-data,1d
2022-09-27,1232.0,1232.0,1232.0,1232.0,110,NTPC,NSE,jugaad-data,1d
2022-09-28,13.3,13.45,13.27,13.29,13927,NTPC,NSE,jugaad-data,1d
2022-09-29,1195.0,1195.0,1195.0,1195.0,1,NTPC,NSE,jugaad-data,1d
2022-10-11,1050.0,1050.0,1050.0,1050.0,206,NTPC,NSE,jugaad-data,1d
2022-10-12,1120.0,1120.0,1119.99,1119.99,190,NTPC,NSE,jugaad-data,1d
2022-10-13,1059.99,1059.99,1059.99,1059.99,24,NTPC,NSE,jugaad-data,1d
2022-10-16,1210.0,1211.0,1210.0,1211.0,54,NTPC,NSE,jugaad-data,1d
2022-10-17,168.95,169.45,166.4,166.95,20635735,NTPC,NSE,jugaad-data,1d
2022-10-18,1130.0,1130.0,1130.0,1130.0,10,NTPC,NSE,jugaad-data,1d
2022-10-19,1221.0,1229.0,1221.0,1229.0,50,NTPC,NSE,jugaad-data,1d
2022-10-20,1124.7,1124.7,1124.7,1124.7,130,NTPC,NSE,jugaad-data,1d
2022-10-23,166.95,167.95,166.25,166.95,685185,NTPC,NSE,jugaad-data,1d
2022-10-24,166.95,166.95,166.95,166.95,3317292,NTPC,NSE,jugaad-data,1d
2022-10-26,1049.01,1049.01,1048.24,1048.24,78,NTPC,NSE,jugaad-data,1d
2022-10-27,13.32,13.38,13.28,13.3,46630,NTPC,NSE,jugaad-data,1d
2022-10-30,1408.99,1408.99,1400.0,1400.0,2,NTPC,NSE,jugaad-data,1d
2022-11-13,1051.21,1051.21,1051.21,1051.21,62,NTPC,NSE,jugaad-data,1d
2022-11-14,1265.0,1267.0,1265.0,1267.0,150,NTPC,NSE,jugaad-data,1d
2022-11-15,1404.1,1425.0,1404.1,1404.16,34,NTPC,NSE,jugaad-data,1d
2022-11-16,169.95,170.8,167.5,168.3,12778124,NTPC,NSE,jugaad-data,1d
2022-11-17,1121.0,1124.0,1116.0,1116.0,434,NTPC,NSE,jugaad-data,1d
2022-11-20,165.0,166.2,164.15,164.4,12788632,NTPC,NSE,jugaad-data,1d
2022-11-21,1420.0,1420.0,1408.0,1408.0,272,NTPC,NSE,jugaad-data,1d
2022-11-22,1201.0,1205.0,1201.0,1205.0,109,NTPC,NSE,jugaad-data,1d
2022-11-23,1127.0,1127.0,1125.0,1126.0,650,NTPC,NSE,jugaad-data,1d
2022-11-24,170.25,171.25,168.6,169.75,12358833,NTPC,NSE,jugaad-data,1d
2022-11-27,1425.0,1425.0,1402.82,1402.82,3,NTPC,NSE,jugaad-data,1d
2022-11-28,171.0,171.6,169.05,170.15,7693168,NTPC,NSE,jugaad-data,1d
2022-11-29,1349.89,1349.89,1325.0,1325.0,222,NTPC,NSE,jugaad-data,1d
2022-12-15,171.9,173.1,169.05,169.8,9433166,NTPC,NSE,jugaad-data,1d
2022-12-18,1306.0,1306.0,1306.0,1306.0,50,NTPC,NSE,jugaad-data,1d
2022-12-19,1206.0,1206.0,1206.0,1206.0,34,NTPC,NSE,jugaad-data,1d
2022-12-20,1185.0,1189.8,1185.0,1188.99,175,NTPC,NSE,jugaad-data,1d
2022-12-21,1186.0,1186.0,1184.0,1185.0,527,NTPC,NSE,jugaad-data,1d
2022-12-22,1290.0,1290.0,1284.49,1286.1,1362,NTPC,NSE,jugaad-data,1d
2022-12-25,1287.55,1288.0,1283.0,1283.0,145,NTPC,NSE,jugaad-data,1d
2022-12-26,1293.9,1293.9,1284.0,1284.5,123,NTPC,NSE,jugaad-data,1d
2022-12-27,1029.61,1029.61,1022.21,1022.21,1000,NTPC,NSE,jugaad-data,1d
2022-12-28,1139.0,1145.0,1139.0,1142.0,242,NTPC,NSE,jugaad-data,1d
2022-12-29,1293.0,1293.0,1292.9,1293.0,471,NTPC,NSE,jugaad-data,1d
2023-01-11,166.9,167.2,165.55,165.95,7628932,NTPC,NSE,jugaad-data,1d
2023-01-12,1180.0,1180.51,1180.0,1180.5,625,NTPC,NSE,jugaad-data,1d
2023-01-15,13.47,13.58,13.21,13.55,14315,NTPC,NSE,jugaad-data,1d
2023-01-16,1035.0,1035.0,1034.0,1034.0,572,NTPC,NSE,jugaad-data,1d
2023-01-17,13.59,13.64,13.55,13.59,93088,NTPC,NSE,jugaad-data,1d
2023-01-18,1215.8,1215.8,1215.8,1215.8,25,NTPC,NSE,jugaad-data,1d
2023-01-19,13.5,13.64,13.5,13.56,43096,NTPC,NSE,jugaad-data,1d
2023-01-22,13.56,13.59,13.54,13.57,26562,NTPC,NSE,jugaad-data,1d
2023-01-23,13.57,13.61,13.56,13.57,49927,NTPC,NSE,jugaad-data,1d
2023-01-24,1034.2,1034.2,1034.2,1034.2,156,NTPC,NSE,jugaad-data,1d
2023-01-26,1323.0,1323.0,1305.0,1323.0,887,NTPC,NSE,jugaad-data,1d
2023-01-29,167.6,172.25,167.1,168.85,30768122,NTPC,NSE,jugaad-data,1d
2023-01-30,1060.0,1060.0,1060.0,1060.0,1,NTPC,NSE,jugaad-data,1d
2023-02-12,1146.0,1146.1,1146.0,1146.1,188,NTPC,NSE,jugaad-data,1d
2023-02-13,1056.8,1075.0,1056.8,1075.0,4,NTPC,NSE,jugaad-data,1d
2023-02-14,166.0,166.5,164.2,165.8,11855678,NTPC,NSE,jugaad-data,1d
2023-02-15,13.59,13.62,13.59,13.6,126621,NTPC,NSE,jugaad-data,1d
2023-02-16,13.59,13.62,13.59,13.61,37789,NTPC,NSE,jugaad-data,1d
2023-02-19,1700.0,1700.0,1700.0,1700.0,34,NTPC,NSE,jugaad-data,1d
2023-02-20,13.57,13.63,13.56,13.59,25299,NTPC,NSE,jugaad-data,1d
2023-02-21,172.95,173.2,168.5,170.5,12225021,NTPC,NSE,jugaad-data,1d
2023-02-22,1031.0,1031.0,1030.5,1030.5,966,NTPC,NSE,jugaad-data,1d
2023-02-23,1297.0,1297.0,1297.0,1297.0,30,NTPC,NSE,jugaad-data,1d
2023-02-26,1221.0,1221.0,1221.0,1221.0,31,NTPC,NSE,jugaad-data,1d
2023-02-27,1057.97,1075.0,1057.97,1075.0,5,NTPC,NSE,jugaad-data,1d
2023-03-12,1289.0,1290.0,1286.5,1289.99,367,NTPC,NSE,jugaad-data,1d
2023-03-13,1312.0,1312.0,1312.0,1312.0,5,NTPC,NSE,jugaad-data,1d
2023-03-14,1216.0,1240.0,1216.0,1240.0,3,NTPC,NSE,jugaad-data,1d
2023-03-15,1212.0,1212.0,1212.0,1212.0,157,NTPC,NSE,jugaad-data,1d
2023-03-16,1290.6,1290.6,1290.6,1290.6,1,NTPC,NSE,jugaad-data,1d
2023-03-19,1293.3,1294.0,1293.0,1293.8,105,NTPC,NSE,jugaad-data,1d
2023-03-20,1294.01,1295.0,1294.0,1295.0,175,NTPC,NSE,jugaad-data,1d
2023-03-21,1295.01,1295.01,1294.0,1294.0,340,NTPC,NSE,jugaad-data,1d
2023-03-22,1294.0,1295.5,1294.0,1295.33,35,NTPC,NSE,jugaad-data,1d
2023-03-23,175.2,175.2,172.35,172.7,4977283,NTPC,NSE,jugaad-data,1d
2023-03-26,10.4,10.4,10.27,10.28,471958,NTPC,NSE,jugaad-data,1d
2023-03-27,1215.0,1218.0,1208.52,1218.0,157,NTPC,NSE,jugaad-data,1d
2023-03-28,1194.1,1194.5,1194.0,1194.5,2231,NTPC,NSE,jugaad-data,1d
2023-03-30,174.8,177.25,174.6,175.1,8125121,NTPC,NSE,jugaad-data,1d
2023-04-11,10.3,10.32,10.24,10.3,236001,NTPC,NSE,jugaad-data,1d
2023-04-12,1073.0,1073.0,1073.0,1073.0,20,NTPC,NSE,jugaad-data,1d
2023-04-16,10.4,10.45,10.35,10.35,186664,NTPC,NSE,jugaad-data,1d
2023-04-17,10.0,10.38,10.0,10.36,23429,NTPC,NSE,jugaad-data,1d
2023-04-18,10.36,10.38,10.3,10.31,82707,NTPC,NSE,jugaad-data,1d
2023-04-19,1048.5,1048.5,1048.5,1048.5,66,NTPC,NSE,jugaad-data,1d
2023-04-20,1080.0,1080.0,1080.0,1080.0,100,NTPC,NSE,jugaad-data,1d
2023-04-23,1043.0,1043.0,1043.0,1043.0,125,NTPC,NSE,jugaad-data,1d
2023-04-24,171.3,172.45,170.35,171.1,9175412,NTPC,NSE,jugaad-data,1d
2023-04-25,10.3,10.35,10.3,10.3,23872,NTPC,NSE,jugaad-data,1d
2023-04-26,1300.0,1300.0,1300.0,1300.0,893,NTPC,NSE,jugaad-data,1d
2023-04-27,10.3,10.31,10.29,10.3,133721,NTPC,NSE,jugaad-data,1d
2023-05-10,10.33,10.44,10.29,10.31,248794,NTPC,NSE,jugaad-data,1d
2023-05-11,10.31,10.33,10.3,10.3,47305,NTPC,NSE,jugaad-data,1d
2023-05-14,1045.41,1050.99,1045.41,1050.99,500,NTPC,NSE,jugaad-data,1d
2023-05-15,10.3,10.35,10.3,10.31,42859,NTPC,NSE,jugaad-data,1d
2023-05-16,177.45,177.85,175.05,176.0,6639494,NTPC,NSE,jugaad-data,1d
2023-05-17,1308.2,1311.01,1308.01,1311.01,151,NTPC,NSE,jugaad-data,1d
2023-05-18,175.0,175.35,172.95,173.3,6657753,NTPC,NSE,jugaad-data,1d
2023-05-21,10.31,10.34,10.27,10.32,85798,NTPC,NSE,jugaad-data,1d
2023-05-22,1230.0,1230.0,1230.0,1230.0,1,NTPC,NSE,jugaad-data,1d
2023-05-23,10.32,10.33,10.3,10.32,47652,NTPC,NSE,jugaad-data,1d
2023-05-24,174.95,175.55,173.4,174.5,7986243,NTPC,NSE,jugaad-data,1d
2023-05-25,175.0,177.25,174.1,174.5,6926193,NTPC,NSE,jugaad-data,1d
2023-05-28,1053.99,1054.94,1053.99,1054.94,320,NTPC,NSE,jugaad-data,1d
2023-05-29,1274.99,1275.0,1274.99,1275.0,90,NTPC,NSE,jugaad-data,1d
2023-05-30,10.26,10.33,10.26,10.3,7670,NTPC,NSE,jugaad-data,1d
2023-06-13,1235.0,1235.0,1214.02,1214.02,12,NTPC,NSE,jugaad-data,1d
2023-06-14,1053.01,1053.01,1053.0,1053.0,516,NTPC,NSE,jugaad-data,1d
2023-06-15,1310.0,1321.0,1310.0,1318.68,675,NTPC,NSE,jugaad-data,1d
2023-06-18,1244.99,1245.0,1244.99,1245.0,140,NTPC,NSE,jugaad-data,1d
2023-06-19,1054.01,1055.0,1044.0,1055.0,2170,NTPC,NSE,jugaad-data,1d
2023-06-20,187.5,188.7,186.5,187.5,5906854,NTPC,NSE,jugaad-data,1d
2023-06-21,10.32,10.35,10.32,10.32,34821,NTPC,NSE,jugaad-data,1d
2023-06-22,1255.0,1255.0,1255.0,1255.0,40,NTPC,NSE,jugaad-data,1d
2023-06-25,1225.17,1225.17,1225.17,1225.17,4,NTPC,NSE,jugaad-data,1d
2023-06-26,1230.0,1230.0,1225.26,1225.26,90,NTPC,NSE,jugaad-data,1d
2023-06-27,10.34,10.35,10.31,10.32,30331,NTPC,NSE,jugaad-data,1d
2023-06-29,1339.0,1339.0,1328.99,1333.59,153,NTPC,NSE,jugaad-data,1d
2023-07-16,1317.0,1345.0,1317.0,1340.44,242,NTPC,NSE,jugaad-data,1d
2023-07-17,10.36,10.38,10.35,10.36,38311,NTPC,NSE,jugaad-data,1d
2023-07-18,1337.0,1337.1,1337.0,1337.01,517,NTPC,NSE,jugaad-data,1d
2023-07-19,1166.13,1166.13,1166.13,1166.13,12,NTPC,NSE,jugaad-data,1d
2023-07-20,1056.6,1056.6,1056.6,1056.6,160,NTPC,NSE,jugaad-data,1d
2023-07-23,1224.99,1224.99,1224.99,1224.99,11,NTPC,NSE,jugaad-data,1d
2023-07-24,10.36,10.37,10.34,10.35,70400,NTPC,NSE,jugaad-data,1d
2023-07-25,10.35,10.37,10.31,10.36,227222,NTPC,NSE,jugaad-data,1d
2023-07-26,1234.1,1234.1,1234.1,1234.1,28,NTPC,NSE,jugaad-data,1d
2023-07-27,1332.1,1336.0,1332.0,1333.3,284,NTPC,NSE,jugaad-data,1d
2023-07-30,1060.01,1060.01,1060.01,1060.01,27,NTPC,NSE,jugaad-data,1d
2023-08-13,1063.5,1068.0,1063.5,1068.0,653,NTPC,NSE,jugaad-data,1d
2023-08-15,212.95,217.95,212.05,217.45,9687712,NTPC,NSE,jugaad-data,1d
2023-08-16,1066.8,1066.8,1066.65,1066.65,703,NTPC,NSE,jugaad-data,1d
2023-08-17,215.8,216.65,213.3,215.15,14101163,NTPC,NSE,jugaad-data,1d
2023-08-20,217.2,219.55,215.7,218.8,13336739,NTPC,NSE,jugaad-data,1d
2023-08-21,1082.65,1085.01,1082.65,1085.01,152,NTPC,NSE,jugaad-data,1d
2023-08-22,1326.1,1334.0,1325.1,1327.0,897,NTPC,NSE,jugaad-data,1d
2023-08-23,1246.6,1246.6,1246.5,1246.52,178,NTPC,NSE,jugaad-data,1d
2023-08-24,10.4,10.43,10.4,10.42,13365,NTPC,NSE,jugaad-data,1d
2023-08-27,1065.0,1065.0,1065.0,1065.0,50,NTPC,NSE,jugaad-data,1d
2023-08-28,1195.0,1195.0,1195.0,1195.0,300,NTPC,NSE,jugaad-data,1d
2023-08-29,1244.2,1244.2,1244.2,1244.2,83,NTPC,NSE,jugaad-data,1d
2023-08-30,1195.0,1195.0,1195.0,1195.0,50,NTPC,NSE,jugaad-data,1d
2023-09-12,1199.99,1199.99,1199.99,1199.99,20,NTPC,NSE,jugaad-data,1d
2023-09-13,1081.99,1085.0,1081.99,1085.0,34,NTPC,NSE,jugaad-data,1d
2023-09-14,1200.0,1266.68,1200.0,1266.68,2,NTPC,NSE,jugaad-data,1d
2023-09-17,10.46,10.49,10.45,10.45,79876,NTPC,NSE,jugaad-data,1d
2023-09-19,1220.0,1220.0,1220.0,1220.0,20,NTPC,NSE,jugaad-data,1d
2023-09-20,10.46,10.48,10.46,10.46,28544,NTPC,NSE,jugaad-data,1d
2023-09-21,1099.0,1099.0,1099.0,1099.0,10,NTPC,NSE,jugaad-data,1d
2023-09-24,10.48,10.69,10.46,10.47,47998,NTPC,NSE,jugaad-data,1d
2023-09-25,1332.12,1346.0,1324.0,1324.02,634,NTPC,NSE,jugaad-data,1d
2023-09-26,10.49,10.5,10.48,10.49,42773,NTPC,NSE,jugaad-data,1d
2023-09-27,1195.0,1195.0,1195.0,1195.0,100,NTPC,NSE,jugaad-data,1d
2023-09-28,1195.0,1197.99,1195.0,1197.99,45,NTPC,NSE,jugaad-data,1d
2023-10-10,10.55,10.55,10.49,10.5,121911,NTPC,NSE,jugaad-data,1d
2023-10-11,10.51,10.54,10.47,10.51,33487,NTPC,NSE,jugaad-data,1d
2023-10-12,1364.85,1367.95,1364.0,1365.0,745,NTPC,NSE,jugaad-data,1d
2023-10-15,10.65,11.51,10.5,10.53,72989,NTPC,NSE,jugaad-data,1d
2023-10-16,1350.0,1350.0,1342.0,1350.0,1335,NTPC,NSE,jugaad-data,1d
2023-10-17,1365.0,1365.0,1365.0,1365.0,90,NTPC,NSE,jugaad-data,1d
2023-10-18,1350.0,1350.0,1350.0,1350.0,50,NTPC,NSE,jugaad-data,1d
2023-10-19,10.53,10.55,10.51,10.52,33607,NTPC,NSE,jugaad-data,1d
2023-10-22,1199.6,1199.6,1185.0,1185.0,32,NTPC,NSE,jugaad-data,1d
2023-10-24,1260.0,1261.0,1260.0,1260.92,30,NTPC,NSE,jugaad-data,1d
2023-10-25,230.85,233.3,227.75,231.65,17410264,NTPC,NSE,jugaad-data,1d
2023-10-26,232.0,238.45,232.0,236.6,10519462,NTPC,NSE,jugaad-data,1d
2023-10-29,10.53,10.59,10.53,10.53,6454,NTPC,NSE,jugaad-data,1d
2023-10-30,10.53,10.58,10.53,10.57,47204,NTPC,NSE,jugaad-data,1d
2023-11-08,1112.0,1112.0,1112.0,1112.0,120,NTPC,NSE,jugaad-data,1d
2023-11-09,1084.5,1092.9,1084.5,1085.91,2765,NTPC,NSE,jugaad-data,1d
2023-11-11,1200.0,1205.0,1200.0,1202.61,210,NTPC,NSE,jugaad-data,1d
2023-11-12,1260.0,1260.0,1260.0,1260.0,10,NTPC,NSE,jugaad-data,1d
2023-11-14,10.58,10.6,10.57,10.58,60108,NTPC,NSE,jugaad-data,1d
2023-11-15,10.58,10.59,10.57,10.58,32324,NTPC,NSE,jugaad-data,1d
2023-11-16,10.58,10.59,10.57,10.57,37324,NTPC,NSE,jugaad-data,1d
2023-11-19,251.0,255.4,250.3,251.05,6283832,NTPC,NSE,jugaad-data,1d
2023-11-20,1085.31,1085.31,1085.31,1085.31,68,NTPC,NSE,jugaad-data,1d
2023-11-21,1111.0,1111.0,1111.0,1111.0,10,NTPC,NSE,jugaad-data,1d
2023-11-22,254.0,255.7,251.7,252.75,8200025,NTPC,NSE,jugaad-data,1d
2023-11-23,1200.0,1200.0,1200.0,1200.0,75,NTPC,NSE,jugaad-data,1d
2023-11-27,1030.06,1049.0,1030.06,1049.0,233,NTPC,NSE,jugaad-data,1d
2023-11-28,10.59,10.64,10.58,10.59,20845,NTPC,NSE,jugaad-data,1d
2023-11-29,1080.0,1080.0,1080.0,1080.0,85,NTPC,NSE,jugaad-data,1d
2023-12-07,1266.01,1266.01,1266.0,1266.0,10,NTPC,NSE,jugaad-data,1d
2023-12-10,10.62,10.65,10.6,10.62,113777,NTPC,NSE,jugaad-data,1d
2023-12-11,1198.0,1198.1,1198.0,1198.1,71,NTPC,NSE,jugaad-data,1d
2023-12-12,1280.0,1280.0,1280.0,1280.0,94,NTPC,NSE,jugaad-data,1d
2023-12-13,1260.0,1260.0,1260.0,1260.0,1,NTPC,NSE,jugaad-data,1d
2023-12-14,1040.0,1098.79,1032.78,1044.65,344,NTPC,NSE,jugaad-data,1d
2023-12-17,1155.0,1155.0,1145.0,1145.0,125,NTPC,NSE,jugaad-data,1d
2023-12-18,305.0,312.5,302.5,309.65,15650536,NTPC,NSE,jugaad-data,1d
2023-12-19,1255.0,1255.0,1255.0,1255.0,2,NTPC,NSE,jugaad-data,1d
2023-12-20,10.63,10.7,10.63,10.63,12159,NTPC,NSE,jugaad-data,1d
2023-12-21,1255.0,1255.0,1255.0,1255.0,40,NTPC,NSE,jugaad-data,1d
2023-12-25,1290.0,1290.0,1277.2,1277.2,50,NTPC,NSE,jugaad-data,1d
2023-12-26,1130.2,1130.2,1130.2,1130.2,5,NTPC,NSE,jugaad-data,1d
2023-12-27,1099.0,1099.0,1044.0,1044.0,90,NTPC,NSE,jugaad-data,1d
2023-12-28,1044.0,1044.0,1044.0,1044.0,13,NTPC,NSE,jugaad-data,1d
2024-01-11,1264.1,1265.1,1258.1,1263.76,576,NTPC,NSE,jugaad-data,1d
2024-01-14,10.69,10.74,10.69,10.7,56836,NTPC,NSE,jugaad-data,1d
2024-01-15,317.25,317.25,310.15,311.5,10162832,NTPC,NSE,jugaad-data,1d
2024-01-16,10.7,10.73,10.7,10.71,22806,NTPC,NSE,jugaad-data,1d
2024-01-17,10.71,10.74,10.7,10.72,22919,NTPC,NSE,jugaad-data,1d
2024-01-18,10.72,10.74,10.71,10.71,25937,NTPC,NSE,jugaad-data,1d
2024-01-19,1267.0,1280.0,1267.0,1271.0,787,NTPC,NSE,jugaad-data,1d
2024-01-22,1270.99,1270.99,1269.99,1269.99,120,NTPC,NSE,jugaad-data,1d
2024-01-23,302.95,310.7,298.25,308.85,23922028,NTPC,NSE,jugaad-data,1d
2024-01-24,10.71,10.74,10.7,10.72,57535,NTPC,NSE,jugaad-data,1d
2024-01-28,10.72,10.8,10.01,10.73,105714,NTPC,NSE,jugaad-data,1d
2024-01-29,10.73,10.75,10.72,10.72,14330,NTPC,NSE,jugaad-data,1d
2024-01-30,1199.0,1199.0,1199.0,1199.0,1,NTPC,NSE,jugaad-data,1d
2024-02-08,1060.0,1060.0,1060.0,1060.0,4,NTPC,NSE,jugaad-data,1d
2024-02-11,1285.0,1290.0,1281.5,1281.5,388,NTPC,NSE,jugaad-data,1d
2024-02-12,1205.0,1205.0,1205.0,1205.0,8,NTPC,NSE,jugaad-data,1d
2024-02-13,1152.0,1152.0,1152.0,1152.0,58,NTPC,NSE,jugaad-data,1d
2024-02-14,1046.01,1046.01,1046.01,1046.01,6,NTPC,NSE,jugaad-data,1d
2024-02-15,1215.0,1229.99,1215.0,1229.99,11,NTPC,NSE,jugaad-data,1d
2024-02-18,340.4,341.9,337.5,338.75,8496898,NTPC,NSE,jugaad-data,1d
2024-02-19,1280.0,1280.0,1280.0,1280.0,90,NTPC,NSE,jugaad-data,1d
2024-02-20,1281.0,1281.0,1281.0,1281.0,90,NTPC,NSE,jugaad-data,1d
2024-02-21,10.81,10.84,10.81,10.81,141326,NTPC,NSE,jugaad-data,1d
2024-02-22,1207.25,1207.25,1207.0,1207.0,157,NTPC,NSE,jugaad-data,1d
2024-02-25,10.83,10.83,10.81,10.82,46949,NTPC,NSE,jugaad-data,1d
2024-02-26,336.1,338.0,334.1,336.1,8882923,NTPC,NSE,jugaad-data,1d
2024-02-27,1282.0,1282.0,1282.0,1282.0,90,NTPC,NSE,jugaad-data,1d
2024-02-28,10.82,10.83,10.81,10.81,46745,NTPC,NSE,jugaad-data,1d
2024-03-05,1230.0,1230.0,1203.4,1203.4,490,NTPC,NSE,jugaad-data,1d
2024-03-06,1301.0,1301.0,1300.5,1300.5,50,NTPC,NSE,jugaad-data,1d
2024-03-10,1063.1,1063.1,1063.1,1063.1,1,NTPC,NSE,jugaad-data,1d
2024-03-11,1205.0,1210.3,1203.0,1210.3,76,NTPC,NSE,jugaad-data,1d
2024-03-12,5.01,5.49,5.01,5.02,268740,NTPC,NSE,jugaad-data,1d
2024-03-13,321.05,326.95,316.5,321.85,20859127,NTPC,NSE,jugaad-data,1d
2024-03-14,1291.0,1291.0,1291.0,1291.0,138,NTPC,NSE,jugaad-data,1d
2024-03-17,1300.0,1331.0,1300.0,1310.0,239,NTPC,NSE,jugaad-data,1d
2024-03-18,1063.1,1063.1,1063.1,1063.1,18,NTPC,NSE,jugaad-data,1d
2024-03-19,1295.05,1295.05,1295.05,1295.05,10,NTPC,NSE,jugaad-data,1d
2024-03-20,317.25,326.35,317.0,325.0,23370426,NTPC,NSE,jugaad-data,1d
2024-03-21,324.5,327.25,321.15,324.75,14709219,NTPC,NSE,jugaad-data,1d
2024-03-25,1291.5,1293.05,1291.5,1292.69,611,NTPC,NSE,jugaad-data,1d
2024-03-26,1290.1,1290.1,1290.1,1290.1,7,NTPC,NSE,jugaad-data,1d
2024-03-27,1050.0,1069.76,1050.0,1069.76,150,NTPC,NSE,jugaad-data,1d
2024-04-07,1063.1,1063.1,1063.1,1063.1,10,NTPC,NSE,jugaad-data,1d
2024-04-08,365.0,366.9,360.35,362.9,10010148,NTPC,NSE,jugaad-data,1d
2024-04-09,1290.0,1290.0,1290.0,1290.0,200,NTPC,NSE,jugaad-data,1d
2024-04-11,1234.99,1234.99,1230.0,1230.0,57,NTPC,NSE,jugaad-data,1d
2024-04-14,1290.0,1290.1,1290.0,1290.0,409,NTPC,NSE,jugaad-data,1d
2024-04-15,361.0,361.95,354.6,359.25,15328939,NTPC,NSE,jugaad-data,1d
2024-04-17,5.1,5.19,5.05,5.11,19650,NTPC,NSE,jugaad-data,1d
2024-04-18,1110.0,1159.0,1110.0,1159.0,3240,NTPC,NSE,jugaad-data,1d
2024-04-21,355.0,355.0,341.9,342.9,37382916,NTPC,NSE,jugaad-data,1d
2024-04-22,1220.0,1220.0,1220.0,1220.0,78,NTPC,NSE,jugaad-data,1d
2024-04-23,1286.0,1292.0,1286.0,1292.0,928,NTPC,NSE,jugaad-data,1d
2024-04-24,1158.0,1158.0,1158.0,1158.0,25,NTPC,NSE,jugaad-data,1d
2024-04-25,1295.0,1295.0,1290.0,1290.35,400,NTPC,NSE,jugaad-data,1d
2024-04-28,5.17,5.25,5.09,5.09,146460,NTPC,NSE,jugaad-data,1d
2024-04-29,1291.0,1295.0,1290.5,1295.0,142,NTPC,NSE,jugaad-data,1d
2024-05-01,5.17,5.24,5.1,5.16,36930,NTPC,NSE,jugaad-data,1d
2024-05-02,372.3,380.4,360.35,364.95,26844664,NTPC,NSE,jugaad-data,1d
2024-05-05,367.8,368.85,354.4,356.8,15319437,NTPC,NSE,jugaad-data,1d
2024-05-06,358.25,358.45,346.85,349.15,10028071,NTPC,NSE,jugaad-data,1d
2024-05-07,345.2,358.5,345.2,355.45,9595776,NTPC,NSE,jugaad-data,1d
2024-05-08,356.5,358.0,344.85,346.05,9043486,NTPC,NSE,jugaad-data,1d
2024-05-09,347.65,356.35,347.55,355.5,11699095,NTPC,NSE,jugaad-data,1d
2024-05-12,355.5,356.0,346.5,350.9,10691781,NTPC,NSE,jugaad-data,1d
2024-05-13,350.55,357.25,350.3,355.8,10891985,NTPC,NSE,jugaad-data,1d
2024-05-14,357.5,363.5,356.65,361.35,8538183,NTPC,NSE,jugaad-data,1d
2024-05-15,363.85,363.85,353.05,361.45,13114162,NTPC,NSE,jugaad-data,1d
2024-05-16,362.45,366.5,360.35,365.45,8509179,NTPC,NSE,jugaad-data,1d
2024-05-17,367.95,368.0,365.0,366.3,1050300,NTPC,NSE,jugaad-data,1d
2024-05-20,367.0,374.1,365.35,372.0,10939593,NTPC,NSE,jugaad-data,1d
2024-05-21,375.0,377.35,370.6,373.85,14001806,NTPC,NSE,jugaad-data,1d
2024-05-22,375.05,375.6,369.5,372.3,15370357,NTPC,NSE,jugaad-data,1d
2024-05-23,373.0,378.15,368.7,374.95,13317821,NTPC,NSE,jugaad-data,1d
2024-05-26,379.95,380.5,368.0,369.65,21891930,NTPC,NSE,jugaad-data,1d
2024-05-27,372.6,373.25,364.1,365.4,10200096,NTPC,NSE,jugaad-data,1d
2024-05-28,361.5,366.35,360.0,364.6,18146672,NTPC,NSE,jugaad-data,1d
2024-05-29,364.0,364.8,357.15,359.7,14425073,NTPC,NSE,jugaad-data,1d
2024-05-30,363.45,366.65,355.5,359.0,30515612,NTPC,NSE,jugaad-data,1d
2024-06-02,385.0,393.2,373.45,391.8,39261174,NTPC,NSE,jugaad-data,1d
2024-06-03,391.9,391.9,313.95,331.25,84042244,NTPC,NSE,jugaad-data,1d
2024-06-04,340.0,342.25,315.3,341.0,46418629,NTPC,NSE,jugaad-data,1d
2024-06-05,347.8,359.75,345.0,349.75,33171039,NTPC,NSE,jugaad-data,1d
2024-06-06,352.0,362.0,347.7,360.6,23930193,NTPC,NSE,jugaad-data,1d
2024-06-09,365.0,370.1,361.8,364.9,16072588,NTPC,NSE,jugaad-data,1d
2024-06-10,368.75,371.95,364.9,367.4,11235777,NTPC,NSE,jugaad-data,1d
2024-06-11,369.55,374.0,365.4,371.3,12134524,NTPC,NSE,jugaad-data,1d
2024-06-12,376.4,376.4,367.95,369.95,11243702,NTPC,NSE,jugaad-data,1d
2024-06-13,370.0,370.85,366.1,368.45,10298434,NTPC,NSE,jugaad-data,1d
2024-06-17,371.8,372.25,368.7,369.65,10228382,NTPC,NSE,jugaad-data,1d
2024-06-18,369.8,370.9,361.55,362.5,8337334,NTPC,NSE,jugaad-data,1d
2024-06-19,362.5,364.9,357.05,357.65,14338604,NTPC,NSE,jugaad-data,1d
2024-06-20,359.95,362.95,356.75,359.8,17931844,NTPC,NSE,jugaad-data,1d
2024-06-23,357.6,364.65,355.55,362.75,9335598,NTPC,NSE,jugaad-data,1d
2024-06-24,364.25,364.7,357.75,360.85,14983828,NTPC,NSE,jugaad-data,1d
2024-06-25,363.0,366.9,359.65,365.05,15918394,NTPC,NSE,jugaad-data,1d
2024-06-26,365.05,381.1,364.1,377.15,55378829,NTPC,NSE,jugaad-data,1d
2024-06-27,377.95,389.5,376.7,378.35,25141039,NTPC,NSE,jugaad-data,1d
2024-06-30,381.75,382.0,367.8,369.75,23389211,NTPC,NSE,jugaad-data,1d
2024-07-01,372.6,372.6,365.15,370.4,13702830,NTPC,NSE,jugaad-data,1d
2024-07-02,370.55,374.25,368.65,372.65,9207317,NTPC,NSE,jugaad-data,1d
2024-07-03,373.9,380.85,371.75,372.95,14916930,NTPC,NSE,jugaad-data,1d
2024-07-04,374.35,381.25,371.0,379.8,15946104,NTPC,NSE,jugaad-data,1d
2024-07-07,380.85,381.25,376.15,377.45,8898299,NTPC,NSE,jugaad-data,1d
2024-07-08,379.2,380.25,375.05,377.05,8355819,NTPC,NSE,jugaad-data,1d
2024-07-09,378.8,383.8,370.0,381.4,17715196,NTPC,NSE,jugaad-data,1d
2024-07-10,382.4,383.3,374.6,377.1,19873143,NTPC,NSE,jugaad-data,1d
2024-07-11,378.95,379.4,372.0,377.15,16151583,NTPC,NSE,jugaad-data,1d
2024-07-14,378.6,388.95,376.9,385.65,22951140,NTPC,NSE,jugaad-data,1d
2024-07-15,386.65,388.75,380.0,380.45,11893034,NTPC,NSE,jugaad-data,1d
2024-07-17,382.9,382.9,374.2,377.75,15709153,NTPC,NSE,jugaad-data,1d
2024-07-18,377.75,378.0,362.9,364.65,13330099,NTPC,NSE,jugaad-data,1d
2024-07-21,364.75,377.25,362.35,373.5,18715538,NTPC,NSE,jugaad-data,1d
2024-07-22,376.7,385.65,361.55,382.45,49882257,NTPC,NSE,jugaad-data,1d
2024-07-23,384.1,395.0,381.7,392.6,36868466,NTPC,NSE,jugaad-data,1d
2024-07-24,390.95,396.3,386.25,392.15,25973101,NTPC,NSE,jugaad-data,1d
2024-07-25,394.95,399.5,389.7,396.3,20381410,NTPC,NSE,jugaad-data,1d
2024-07-28,404.0,408.3,392.65,393.9,27751449,NTPC,NSE,jugaad-data,1d
2024-07-29,397.0,412.7,397.0,406.95,34447139,NTPC,NSE,jugaad-data,1d
2024-07-30,409.5,417.4,408.55,416.0,29727771,NTPC,NSE,jugaad-data,1d
2024-07-31,419.9,424.35,415.6,423.45,28803487,NTPC,NSE,jugaad-data,1d
2024-08-01,416.25,426.3,413.35,419.7,24233263,NTPC,NSE,jugaad-data,1d
2024-08-04,407.65,415.65,404.65,413.25,42489503,NTPC,NSE,jugaad-data,1d
2024-08-05,413.25,424.95,413.25,415.0,18230579,NTPC,NSE,jugaad-data,1d
2024-08-06,421.0,421.0,415.0,416.3,15556736,NTPC,NSE,jugaad-data,1d
2024-08-07,416.35,417.0,405.8,407.7,16447385,NTPC,NSE,jugaad-data,1d
2024-08-08,413.8,416.35,408.2,410.65,10954753,NTPC,NSE,jugaad-data,1d
2024-08-11,410.0,410.0,400.1,400.85,26254763,NTPC,NSE,jugaad-data,1d
2024-08-12,403.0,404.5,395.0,396.2,11355664,NTPC,NSE,jugaad-data,1d
2024-08-13,398.9,400.0,393.65,396.35,9424614,NTPC,NSE,jugaad-data,1d
2024-08-15,398.05,400.95,393.3,398.05,13844122,NTPC,NSE,jugaad-data,1d
2024-08-18,402.3,407.5,401.45,403.1,10677045,NTPC,NSE,jugaad-data,1d
2024-08-19,404.55,408.2,403.1,406.25,10126083,NTPC,NSE,jugaad-data,1d
2024-08-20,407.5,409.7,405.2,408.95,9726854,NTPC,NSE,jugaad-data,1d
2024-08-21,409.8,410.05,402.25,403.35,10445288,NTPC,NSE,jugaad-data,1d
2024-08-22,403.35,405.9,399.55,401.95,11513586,NTPC,NSE,jugaad-data,1d
2024-08-25,402.45,415.95,401.95,414.85,13772637,NTPC,NSE,jugaad-data,1d
2024-08-26,415.5,416.2,409.1,409.65,8441188,NTPC,NSE,jugaad-data,1d
2024-08-27,410.05,414.4,407.35,409.05,15884745,NTPC,NSE,jugaad-data,1d
2024-08-28,409.05,412.6,403.75,409.9,19014705,NTPC,NSE,jugaad-data,1d
2024-08-29,412.7,419.2,411.5,416.2,22633988,NTPC,NSE,jugaad-data,1d
2024-09-01,417.8,419.1,407.7,410.0,11107165,NTPC,NSE,jugaad-data,1d
2024-09-02,410.5,411.55,405.6,406.4,7538160,NTPC,NSE,jugaad-data,1d
2024-09-03,400.0,408.25,399.9,405.1,11052003,NTPC,NSE,jugaad-data,1d
2024-09-04,405.35,408.4,401.85,403.25,14246871,NTPC,NSE,jugaad-data,1d
2024-09-05,403.25,404.65,392.7,394.8,17956121,NTPC,NSE,jugaad-data,1d
2024-09-08,391.2,392.75,385.3,389.85,12293356,NTPC,NSE,jugaad-data,1d
2024-09-09,390.1,399.4,389.75,396.3,15852309,NTPC,NSE,jugaad-data,1d
2024-09-10,399.0,399.3,387.5,389.65,11492592,NTPC,NSE,jugaad-data,1d
2024-09-11,391.0,406.25,390.65,404.85,24028069,NTPC,NSE,jugaad-data,1d
2024-09-12,404.85,407.3,399.35,401.4,12017217,NTPC,NSE,jugaad-data,1d
2024-09-15,402.45,412.0,402.0,411.1,11479712,NTPC,NSE,jugaad-data,1d
2024-09-16,411.85,417.65,410.1,416.3,14432501,NTPC,NSE,jugaad-data,1d
2024-09-17,418.5,419.75,413.0,414.15,10303840,NTPC,NSE,jugaad-data,1d
2024-09-18,424.0,431.85,420.55,423.95,59601773,NTPC,NSE,jugaad-data,1d
2024-09-19,428.05,429.85,416.55,423.95,36084164,NTPC,NSE,jugaad-data,1d
2024-09-22,427.5,430.5,425.0,428.35,14139629,NTPC,NSE,jugaad-data,1d
2024-09-23,431.45,431.45,427.0,428.1,12539885,NTPC,NSE,jugaad-data,1d
2024-09-24,428.1,437.0,425.65,436.1,19443168,NTPC,NSE,jugaad-data,1d
2024-09-25,437.95,437.95,430.55,434.6,20041825,NTPC,NSE,jugaad-data,1d
2024-09-26,436.0,442.5,433.5,436.9,53885913,NTPC,NSE,jugaad-data,1d
2024-09-29,436.9,448.45,433.6,443.2,20903229,NTPC,NSE,jugaad-data,1d
2024-09-30,446.0,447.75,438.8,440.1,15984996,NTPC,NSE,jugaad-data,1d
2024-10-02,432.0,442.5,432.0,435.35,13563784,NTPC,NSE,jugaad-data,1d
2024-10-03,432.9,439.35,426.3,430.45,18347292,NTPC,NSE,jugaad-data,1d
2024-10-06,430.6,433.0,409.05,415.45,23431004,NTPC,NSE,jugaad-data,1d
2024-10-07,414.0,427.7,411.3,420.95,18706355,NTPC,NSE,jugaad-data,1d
2024-10-08,424.45,424.75,417.0,418.45,13916492,NTPC,NSE,jugaad-data,1d
2024-10-09,420.7,429.9,420.5,422.7,15866037,NTPC,NSE,jugaad-data,1d
2024-10-10,423.95,426.65,419.6,422.5,8639087,NTPC,NSE,jugaad-data,1d
2024-10-13,424.6,426.0,420.0,424.5,8483177,NTPC,NSE,jugaad-data,1d
2024-10-14,426.65,427.2,423.55,426.6,9365964,NTPC,NSE,jugaad-data,1d
2024-10-15,425.3,429.4,421.25,424.25,6219440,NTPC,NSE,jugaad-data,1d
2024-10-16,423.65,425.6,416.6,417.75,11968387,NTPC,NSE,jugaad-data,1d
2024-10-17,417.7,425.95,414.45,424.95,8828971,NTPC,NSE,jugaad-data,1d
2024-10-20,426.05,428.75,419.1,425.0,9139781,NTPC,NSE,jugaad-data,1d
2024-10-21,422.85,426.3,413.45,415.75,14242323,NTPC,NSE,jugaad-data,1d
2024-10-22,414.0,414.75,401.7,408.3,22522821,NTPC,NSE,jugaad-data,1d
2024-10-23,409.25,415.25,406.8,411.9,9400171,NTPC,NSE,jugaad-data,1d
2024-10-24,402.5,407.5,391.6,398.9,19642277,NTPC,NSE,jugaad-data,1d
2024-10-27,398.9,406.5,397.8,403.9,11716022,NTPC,NSE,jugaad-data,1d
2024-10-28,409.0,414.3,404.45,412.15,20284308,NTPC,NSE,jugaad-data,1d
2024-10-29,414.15,414.8,405.8,408.5,12264297,NTPC,NSE,jugaad-data,1d
2024-10-30,409.0,410.65,403.5,408.15,12204072,NTPC,NSE,jugaad-data,1d
2024-10-31,412.0,415.45,410.35,411.35,2145479,NTPC,NSE,jugaad-data,1d
2024-11-03,413.85,414.3,393.7,400.95,13866505,NTPC,NSE,jugaad-data,1d
2024-11-04,400.0,404.1,397.15,403.1,6665326,NTPC,NSE,jugaad-data,1d
2024-11-05,406.7,410.8,403.15,408.9,9700643,NTPC,NSE,jugaad-data,1d
2024-11-06,410.9,410.9,402.0,403.8,7589295,NTPC,NSE,jugaad-data,1d
2024-11-07,403.15,404.2,395.55,397.65,7536509,NTPC,NSE,jugaad-data,1d
2024-11-10,398.15,400.9,391.8,392.55,12243693,NTPC,NSE,jugaad-data,1d
2024-11-11,393.15,394.8,379.05,380.3,10549517,NTPC,NSE,jugaad-data,1d
2024-11-12,384.0,387.6,379.35,381.35,20602407,NTPC,NSE,jugaad-data,1d
2024-11-13,380.05,385.2,371.35,372.5,15086601,NTPC,NSE,jugaad-data,1d
2024-11-17,380.0,380.0,362.65,366.7,16383636,NTPC,NSE,jugaad-data,1d
2024-11-18,368.0,378.5,365.05,366.7,17055094,NTPC,NSE,jugaad-data,1d
2024-11-20,363.7,364.35,354.8,356.15,21276150,NTPC,NSE,jugaad-data,1d
2024-11-21,357.05,367.1,355.7,365.45,15949254,NTPC,NSE,jugaad-data,1d
2024-11-24,374.0,377.2,367.5,368.4,18388844,NTPC,NSE,jugaad-data,1d
2024-11-25,370.0,370.4,360.25,361.65,11222231,NTPC,NSE,jugaad-data,1d
2024-11-26,363.8,371.6,361.35,369.3,14225274,NTPC,NSE,jugaad-data,1d
2024-11-27,369.7,371.85,359.6,362.05,16837860,NTPC,NSE,jugaad-data,1d
2024-11-28,363.25,365.4,360.2,363.65,14280017,NTPC,NSE,jugaad-data,1d
2024-12-01,363.65,363.9,357.0,358.2,12510350,NTPC,NSE,jugaad-data,1d
2024-12-02,359.0,370.0,358.2,367.45,14205760,NTPC,NSE,jugaad-data,1d
2024-12-03,368.95,375.15,368.0,372.75,22035954,NTPC,NSE,jugaad-data,1d
2024-12-04,372.75,373.95,364.4,369.15,18758283,NTPC,NSE,jugaad-data,1d
2024-12-05,369.45,371.2,368.05,369.5,9736086,NTPC,NSE,jugaad-data,1d
2024-12-08,370.9,373.3,367.75,369.85,10878679,NTPC,NSE,jugaad-data,1d
2024-12-09,369.0,371.2,366.4,369.15,7913822,NTPC,NSE,jugaad-data,1d
2024-12-10,369.25,370.75,364.7,365.5,9998662,NTPC,NSE,jugaad-data,1d
2024-12-11,366.0,367.0,353.0,355.6,22538216,NTPC,NSE,jugaad-data,1d
2024-12-12,355.75,358.3,348.05,357.15,14269143,NTPC,NSE,jugaad-data,1d
2024-12-15,357.15,358.9,351.7,352.9,12168143,NTPC,NSE,jugaad-data,1d
2024-12-16,352.0,353.85,347.25,349.05,15646176,NTPC,NSE,jugaad-data,1d
2024-12-17,349.55,351.0,340.0,341.75,14672392,NTPC,NSE,jugaad-data,1d
2024-12-18,337.0,340.6,335.05,337.4,14513129,NTPC,NSE,jugaad-data,1d
2024-12-19,337.8,343.9,331.0,333.25,20375797,NTPC,NSE,jugaad-data,1d
2024-12-22,335.9,338.25,330.5,333.65,8884187,NTPC,NSE,jugaad-data,1d
2024-12-23,335.1,336.85,331.75,335.3,7755462,NTPC,NSE,jugaad-data,1d
2024-12-25,335.3,337.4,332.25,334.65,9030212,NTPC,NSE,jugaad-data,1d
2024-12-26,336.65,340.0,334.2,335.0,9090597,NTPC,NSE,jugaad-data,1d
2024-12-29,335.0,336.8,327.4,331.4,36657549,NTPC,NSE,jugaad-data,1d
2024-12-30,330.1,334.6,326.2,333.35,8580998,NTPC,NSE,jugaad-data,1d
2024-12-31,333.0,334.65,328.8,333.65,7843971,NTPC,NSE,jugaad-data,1d
2025-01-01,333.65,338.6,330.0,338.0,16543382,NTPC,NSE,jugaad-data,1d
2025-01-02,338.05,344.5,337.05,339.85,8689629,NTPC,NSE,jugaad-data,1d
2025-01-05,341.7,341.7,326.45,327.5,10538077,NTPC,NSE,jugaad-data,1d
2025-01-06,327.0,330.35,325.1,328.6,13891401,NTPC,NSE,jugaad-data,1d
2025-01-07,330.5,330.5,321.85,325.4,8993608,NTPC,NSE,jugaad-data,1d
2025-01-08,324.05,325.95,319.8,320.35,12403467,NTPC,NSE,jugaad-data,1d
2025-01-09,320.35,321.0,307.6,308.25,15941143,NTPC,NSE,jugaad-data,1d
2025-01-12,301.1,309.95,296.85,298.2,29630336,NTPC,NSE,jugaad-data,1d
2025-01-13,300.45,312.7,300.2,310.4,22732888,NTPC,NSE,jugaad-data,1d
2025-01-14,312.55,324.3,312.55,321.35,21894626,NTPC,NSE,jugaad-data,1d
2025-01-15,324.7,327.3,321.65,325.5,14865186,NTPC,NSE,jugaad-data,1d
2025-01-16,325.3,329.0,323.35,326.15,7129232,NTPC,NSE,jugaad-data,1d
2025-01-19,326.2,337.0,324.55,336.05,17991880,NTPC,NSE,jugaad-data,1d
2025-01-20,337.8,338.25,323.8,324.3,12774630,NTPC,NSE,jugaad-data,1d
2025-01-21,327.0,327.0,317.35,322.4,11068145,NTPC,NSE,jugaad-data,1d
2025-01-22,321.0,325.1,319.55,323.65,6477347,NTPC,NSE,jugaad-data,1d
2025-01-23,324.8,329.9,322.1,323.65,7492600,NTPC,NSE,jugaad-data,1d
2025-01-26,323.65,325.05,315.0,322.2,13803855,NTPC,NSE,jugaad-data,1d
2025-01-27,322.5,323.85,308.15,318.25,22008929,NTPC,NSE,jugaad-data,1d
2025-01-28,320.0,322.9,313.3,321.25,16056888,NTPC,NSE,jugaad-data,1d
2025-01-29,322.25,326.8,321.15,323.0,10375720,NTPC,NSE,jugaad-data,1d
2025-01-30,322.45,326.25,317.55,324.0,13195557,NTPC,NSE,jugaad-data,1d
2025-01-31,326.05,330.8,316.75,317.7,10097627,NTPC,NSE,jugaad-data,1d
2025-02-02,310.1,314.05,304.0,311.25,15881217,NTPC,NSE,jugaad-data,1d
2025-02-03,314.85,320.45,310.3,319.1,12141064,NTPC,NSE,jugaad-data,1d
2025-02-04,321.0,323.05,318.4,319.6,12226722,NTPC,NSE,jugaad-data,1d
2025-02-05,322.6,322.7,311.4,312.8,13384442,NTPC,NSE,jugaad-data,1d
2025-02-06,313.5,319.25,312.1,316.95,8937447,NTPC,NSE,jugaad-data,1d
2025-02-09,316.5,316.85,309.0,310.5,6806132,NTPC,NSE,jugaad-data,1d
2025-02-10,312.35,312.35,304.15,305.6,13241830,NTPC,NSE,jugaad-data,1d
2025-02-11,306.2,307.5,300.0,306.25,7616083,NTPC,NSE,jugaad-data,1d
2025-02-12,306.15,308.6,303.1,306.7,9086906,NTPC,NSE,jugaad-data,1d
2025-02-13,306.85,308.25,298.35,300.35,7446248,NTPC,NSE,jugaad-data,1d
2025-02-16,297.5,303.2,292.8,302.35,6464173,NTPC,NSE,jugaad-data,1d
2025-02-17,301.15,312.4,297.5,311.2,15793327,NTPC,NSE,jugaad-data,1d
2025-02-18,311.2,316.35,310.6,314.8,13079903,NTPC,NSE,jugaad-data,1d
2025-02-19,312.55,327.15,311.5,325.15,22888146,NTPC,NSE,jugaad-data,1d
2025-02-20,323.3,329.75,321.55,326.25,10809296,NTPC,NSE,jugaad-data,1d
2025-02-23,322.1,325.4,319.45,320.1,6034113,NTPC,NSE,jugaad-data,1d
2025-02-24,320.1,321.5,315.75,318.7,10686112,NTPC,NSE,jugaad-data,1d
2025-02-26,315.35,319.3,314.5,315.7,7302366,NTPC,NSE,jugaad-data,1d
2025-02-27,314.0,315.65,306.55,311.45,21127180,NTPC,NSE,jugaad-data,1d
2025-03-02,311.3,317.8,307.7,314.4,9779703,NTPC,NSE,jugaad-data,1d
2025-03-03,311.3,314.9,308.0,313.75,8734999,NTPC,NSE,jugaad-data,1d
2025-03-04,313.55,327.3,313.5,326.2,10493615,NTPC,NSE,jugaad-data,1d
2025-03-05,329.0,338.8,323.2,337.9,26294903,NTPC,NSE,jugaad-data,1d
2025-03-06,335.85,338.75,328.7,329.55,8992315,NTPC,NSE,jugaad-data,1d
2025-03-09,329.45,334.95,326.3,329.4,11383132,NTPC,NSE,jugaad-data,1d
2025-03-10,327.0,333.25,323.7,330.3,10299324,NTPC,NSE,jugaad-data,1d
2025-03-11,331.0,334.8,326.4,330.15,6984859,NTPC,NSE,jugaad-data,1d
2025-03-12,332.0,334.55,328.45,331.9,8965150,NTPC,NSE,jugaad-data,1d
2025-03-16,332.95,334.5,330.5,331.65,4353562,NTPC,NSE,jugaad-data,1d
2025-03-17,333.3,337.9,331.35,337.35,8580255,NTPC,NSE,jugaad-data,1d
2025-03-18,339.0,343.9,336.35,341.3,30582397,NTPC,NSE,jugaad-data,1d
2025-03-19,344.7,344.7,340.3,341.75,15002119,NTPC,NSE,jugaad-data,1d
2025-03-20,342.0,353.85,341.75,351.3,36406837,NTPC,NSE,jugaad-data,1d
2025-03-23,357.0,368.0,353.65,366.95,24588471,NTPC,NSE,jugaad-data,1d
2025-03-24,369.0,371.45,364.15,366.95,23189083,NTPC,NSE,jugaad-data,1d
2025-03-25,366.95,369.0,353.3,354.65,18668095,NTPC,NSE,jugaad-data,1d
2025-03-26,353.9,364.45,351.0,360.65,37930538,NTPC,NSE,jugaad-data,1d
2025-03-27,362.0,364.3,356.45,357.6,11327077,NTPC,NSE,jugaad-data,1d
2025-03-31,352.35,362.9,350.85,352.15,18736320,NTPC,NSE,jugaad-data,1d
2025-04-01,352.15,353.45,347.05,351.75,13593404,NTPC,NSE,jugaad-data,1d
2025-04-02,351.75,361.35,351.75,358.9,10317410,NTPC,NSE,jugaad-data,1d
2025-04-03,358.85,358.85,348.55,350.4,10872963,NTPC,NSE,jugaad-data,1d
2025-04-06,328.0,351.4,324.0,349.8,18025165,NTPC,NSE,jugaad-data,1d
2025-04-07,356.85,358.25,350.0,352.95,17506712,NTPC,NSE,jugaad-data,1d
2025-04-08,354.0,354.8,348.2,349.35,7462119,NTPC,NSE,jugaad-data,1d
2025-04-10,351.0,361.5,351.0,360.1,11246077,NTPC,NSE,jugaad-data,1d
2025-04-14,367.0,368.45,361.55,362.5,17497327,NTPC,NSE,jugaad-data,1d
2025-04-15,362.5,363.0,357.9,359.3,11541484,NTPC,NSE,jugaad-data,1d
2025-04-16,359.25,365.45,357.25,364.0,12288196,NTPC,NSE,jugaad-data,1d
2025-04-20,365.8,368.2,361.8,364.55,7375594,NTPC,NSE,jugaad-data,1d
2025-04-21,367.05,367.05,359.7,360.25,12077119,NTPC,NSE,jugaad-data,1d
2025-04-22,362.95,364.25,357.9,363.8,9719205,NTPC,NSE,jugaad-data,1d
2025-04-23,363.75,366.45,361.6,363.2,7491123,NTPC,NSE,jugaad-data,1d
2025-04-24,363.2,365.8,351.1,356.45,9785640,NTPC,NSE,jugaad-data,1d
2025-04-27,353.7,362.9,353.7,361.5,5315840,NTPC,NSE,jugaad-data,1d
2025-04-28,364.0,364.35,354.1,356.95,9472828,NTPC,NSE,jugaad-data,1d
2025-04-29,357.0,361.0,352.0,354.55,16739088,NTPC,NSE,jugaad-data,1d
2025-05-01,354.55,358.0,347.6,348.45,11165220,NTPC,NSE,jugaad-data,1d
2025-05-04,351.0,352.0,345.55,348.6,9492646,NTPC,NSE,jugaad-data,1d
2025-05-05,349.0,349.5,340.0,341.8,8904223,NTPC,NSE,jugaad-data,1d
2025-05-06,338.0,343.7,337.0,342.05,8465490,NTPC,NSE,jugaad-data,1d
2025-05-07,341.05,343.1,338.4,340.0,14286109,NTPC,NSE,jugaad-data,1d
2025-05-08,334.2,338.75,330.6,334.75,11322011,NTPC,NSE,jugaad-data,1d
2025-05-11,340.4,349.2,338.1,348.55,7978210,NTPC,NSE,jugaad-data,1d
2025-05-12,348.6,349.8,340.5,341.5,14738980,NTPC,NSE,jugaad-data,1d
2025-05-13,342.45,343.85,337.75,338.55,22485535,NTPC,NSE,jugaad-data,1d
2025-05-14,339.5,343.75,332.65,341.95,43307763,NTPC,NSE,jugaad-data,1d
2025-05-15,343.0,347.6,342.0,343.1,6920351,NTPC,NSE,jugaad-data,1d
2025-05-18,343.1,347.7,342.4,345.15,6218209,NTPC,NSE,jugaad-data,1d
2025-05-19,346.9,349.7,341.55,342.6,9986143,NTPC,NSE,jugaad-data,1d
2025-05-20,342.55,347.4,339.85,346.15,5930972,NTPC,NSE,jugaad-data,1d
2025-05-21,346.15,347.0,338.25,341.4,8717514,NTPC,NSE,jugaad-data,1d
2025-05-22,342.0,344.95,340.15,344.6,4045937,NTPC,NSE,jugaad-data,1d
2025-05-25,351.0,351.2,342.55,343.5,16655082,NTPC,NSE,jugaad-data,1d
2025-05-26,344.0,344.5,336.8,338.55,24937330,NTPC,NSE,jugaad-data,1d
2025-05-27,338.6,340.7,337.1,340.05,10985957,NTPC,NSE,jugaad-data,1d
2025-05-28,341.0,342.25,338.05,339.35,15884093,NTPC,NSE,jugaad-data,1d
2025-05-29,337.5,340.75,332.85,333.9,19143010,NTPC,NSE,jugaad-data,1d
2025-06-01,333.9,334.8,330.3,332.55,29479727,NTPC,NSE,jugaad-data,1d
2025-06-02,333.0,334.75,327.0,328.25,14081719,NTPC,NSE,jugaad-data,1d
2025-06-03,329.0,329.95,324.85,329.25,15654279,NTPC,NSE,jugaad-data,1d
2025-06-04,329.2,331.6,327.6,328.65,16270360,NTPC,NSE,jugaad-data,1d
2025-06-05,329.65,333.5,329.05,332.85,11402511,NTPC,NSE,jugaad-data,1d
2025-06-08,333.9,337.55,332.75,337.1,19416373,NTPC,NSE,jugaad-data,1d
2025-06-09,338.8,340.9,336.8,339.2,12061248,NTPC,NSE,jugaad-data,1d
2025-06-10,341.0,342.6,337.45,338.1,10807496,NTPC,NSE,jugaad-data,1d
2025-06-11,338.15,341.65,332.65,333.7,11881618,NTPC,NSE,jugaad-data,1d
2025-06-12,326.8,332.9,326.6,331.95,11711773,NTPC,NSE,jugaad-data,1d
2025-06-15,332.0,334.65,330.6,333.7,8065112,NTPC,NSE,jugaad-data,1d
2025-06-16,334.0,336.9,333.1,335.2,6796992,NTPC,NSE,jugaad-data,1d
2025-06-17,335.2,335.9,330.75,332.4,17835507,NTPC,NSE,jugaad-data,1d
2025-06-18,332.4,333.15,328.55,330.05,11610604,NTPC,NSE,jugaad-data,1d
2025-06-19,330.0,336.0,329.7,335.2,16592862,NTPC,NSE,jugaad-data,1d
2025-06-22,333.7,335.7,330.35,332.6,8277787,NTPC,NSE,jugaad-data,1d
2025-06-23,331.0,331.7,321.35,329.95,100814893,NTPC,NSE,jugaad-data,1d
2025-06-24,331.5,333.7,329.4,330.85,17963666,NTPC,NSE,jugaad-data,1d
2025-06-25,332.4,337.8,331.3,337.15,13754087,NTPC,NSE,jugaad-data,1d
2025-06-26,338.95,341.3,334.45,338.3,50845169,NTPC,NSE,jugaad-data,1d
2025-06-29,335.75,337.25,333.65,334.9,11858890,NTPC,NSE,jugaad-data,1d
2025-06-30,335.25,335.25,332.15,332.6,8903292,NTPC,NSE,jugaad-data,1d
2025-07-01,332.65,335.65,331.3,333.75,11326880,NTPC,NSE,jugaad-data,1d
2025-07-02,334.6,336.35,331.0,334.6,15786429,NTPC,NSE,jugaad-data,1d
2025-07-03,335.7,336.0,332.25,335.5,5899185,NTPC,NSE,jugaad-data,1d
2025-07-06,335.5,339.0,333.75,337.45,9454556,NTPC,NSE,jugaad-data,1d
2025-07-07,338.2,343.9,337.0,343.2,12092302,NTPC,NSE,jugaad-data,1d
2025-07-08,343.25,345.6,342.8,344.0,9079872,NTPC,NSE,jugaad-data,1d
2025-07-09,344.0,345.0,341.2,341.45,6426072,NTPC,NSE,jugaad-data,1d
2025-07-10,340.5,344.0,339.5,342.7,17234194,NTPC,NSE,jugaad-data,1d
2025-07-13,343.05,345.0,339.95,342.1,11516965,NTPC,NSE,jugaad-data,1d
2025-07-14,343.15,344.1,340.95,342.0,8450777,NTPC,NSE,jugaad-data,1d
2025-07-15,342.0,343.8,340.8,342.45,6001484,NTPC,NSE,jugaad-data,1d
2025-07-16,344.2,344.5,342.0,342.65,7562006,NTPC,NSE,jugaad-data,1d
2025-07-17,343.0,343.9,340.65,342.1,6370338,NTPC,NSE,jugaad-data,1d
2025-07-20,342.1,342.8,339.3,341.55,4463318,NTPC,NSE,jugaad-data,1d
2025-07-21,341.55,342.6,340.05,340.85,4728372,NTPC,NSE,jugaad-data,1d
2025-07-22,341.8,344.0,340.95,343.05,5058422,NTPC,NSE,jugaad-data,1d
2025-07-23,343.6,343.6,336.5,338.9,9098453,NTPC,NSE,jugaad-data,1d
2025-07-24,338.9,339.9,332.55,333.2,7790739,NTPC,NSE,jugaad-data,1d
2025-07-27,333.45,336.6,330.35,332.95,4605823,NTPC,NSE,jugaad-data,1d
2025-07-28,332.0,335.5,328.5,334.6,7551356,NTPC,NSE,jugaad-data,1d
2025-07-29,335.0,342.3,332.5,338.8,12537358,NTPC,NSE,jugaad-data,1d
2025-07-30,336.05,340.1,333.0,334.25,8935384,NTPC,NSE,jugaad-data,1d
2025-07-31,333.0,334.75,330.2,330.9,7107542,NTPC,NSE,jugaad-data,1d
2025-08-03,330.9,333.3,327.2,332.0,8193399,NTPC,NSE,jugaad-data,1d
2025-08-04,332.45,334.35,331.3,333.6,9855535,NTPC,NSE,jugaad-data,1d
2025-08-05,333.6,335.4,331.6,332.1,13872826,NTPC,NSE,jugaad-data,1d
2025-08-06,332.1,332.45,328.65,329.75,8731389,NTPC,NSE,jugaad-data,1d
2025-08-07,330.0,337.5,329.65,334.75,11247218,NTPC,NSE,jugaad-data,1d
2025-08-10,335.0,339.1,333.95,336.15,11993280,NTPC,NSE,jugaad-data,1d
2025-08-11,336.25,341.85,335.75,340.1,7221182,NTPC,NSE,jugaad-data,1d
2025-08-12,340.3,343.0,339.15,339.95,5417151,NTPC,NSE,jugaad-data,1d
2025-08-13,339.95,340.45,336.3,339.35,5689423,NTPC,NSE,jugaad-data,1d
2025-08-17,341.45,341.8,335.45,336.05,6511340,NTPC,NSE,jugaad-data,1d
2025-08-18,338.9,340.65,334.15,335.05,10316115,NTPC,NSE,jugaad-data,1d
2025-08-19,337.8,343.4,336.5,342.0,10824544,NTPC,NSE,jugaad-data,1d
2025-08-20,342.35,344.35,336.9,338.8,11135121,NTPC,NSE,jugaad-data,1d
2025-08-21,338.5,338.9,335.5,337.0,8534844,NTPC,NSE,jugaad-data,1d
2025-08-24,337.05,341.4,337.05,337.85,7142387,NTPC,NSE,jugaad-data,1d
2025-08-25,336.15,337.4,331.75,333.2,13113388,NTPC,NSE,jugaad-data,1d
2025-08-27,331.25,332.9,328.7,330.8,10486948,NTPC,NSE,jugaad-data,1d
2025-08-28,331.0,331.5,327.0,327.55,11813425,NTPC,NSE,jugaad-data,1d
2025-08-31,328.0,331.6,328.0,330.7,6897558,NTPC,NSE,jugaad-data,1d
2025-09-01,331.1,338.25,331.1,336.3,9224639,NTPC,NSE,jugaad-data,1d
2025-09-02,336.5,338.0,333.5,334.25,10778333,NTPC,NSE,jugaad-data,1d
2025-09-03,333.5,334.9,329.3,330.05,7934237,NTPC,NSE,jugaad-data,1d
2025-09-04,330.05,331.8,325.95,328.7,5678244,NTPC,NSE,jugaad-data,1d
2025-09-07,328.75,330.95,326.35,326.7,5239184,NTPC,NSE,jugaad-data,1d
2025-09-08,327.6,328.15,323.65,324.1,9735495,NTPC,NSE,jugaad-data,1d
2025-09-09,325.5,328.05,325.15,325.65,6509477,NTPC,NSE,jugaad-data,1d
2025-09-10,326.45,333.5,326.0,331.05,10309925,NTPC,NSE,jugaad-data,1d
2025-09-11,332.0,333.5,328.4,331.7,5257048,NTPC,NSE,jugaad-data,1d
2025-09-14,331.0,333.8,330.65,331.1,6566824,NTPC,NSE,jugaad-data,1d
2025-09-15,331.2,335.8,331.2,335.05,8784889,NTPC,NSE,jugaad-data,1d
2025-09-16,335.5,337.45,334.55,336.4,7936518,NTPC,NSE,jugaad-data,1d
2025-09-17,337.0,337.6,334.1,336.95,6497322,NTPC,NSE,jugaad-data,1d
2025-09-18,336.95,339.5,336.45,338.65,10646331,NTPC,NSE,jugaad-data,1d
2025-09-21,339.15,340.35,336.85,339.2,6966213,NTPC,NSE,jugaad-data,1d
2025-09-22,339.45,344.1,338.1,343.0,10738268,NTPC,NSE,jugaad-data,1d
2025-09-23,343.3,350.4,342.25,347.6,14653575,NTPC,NSE,jugaad-data,1d
2025-09-24,349.3,350.8,340.0,340.5,13228081,NTPC,NSE,jugaad-data,1d
2025-09-25,340.5,340.75,336.45,337.9,6337702,NTPC,NSE,jugaad-data,1d
2025-09-28,339.1,343.75,338.0,340.95,16922231,NTPC,NSE,jugaad-data,1d
2025-09-29,341.1,343.05,339.15,340.45,8308029,NTPC,NSE,jugaad-data,1d
2025-09-30,340.3,343.05,338.05,340.25,6022078,NTPC,NSE,jugaad-data,1d
2025-10-02,340.25,343.5,338.75,342.0,8506827,NTPC,NSE,jugaad-data,1d
2025-10-05,340.6,341.8,335.65,339.1,8436245,NTPC,NSE,jugaad-data,1d
2025-10-06,339.1,341.4,336.85,338.0,16130172,NTPC,NSE,jugaad-data,1d
2025-10-07,339.25,339.25,332.3,333.8,13223442,NTPC,NSE,jugaad-data,1d
2025-10-08,333.8,336.4,331.2,335.85,6824759,NTPC,NSE,jugaad-data,1d
2025-10-09,336.0,341.95,335.95,339.7,8970962,NTPC,NSE,jugaad-data,1d
2025-10-12,337.95,342.1,336.2,341.7,6663149,NTPC,NSE,jugaad-data,1d
2025-10-13,342.0,343.0,335.2,336.65,7545848,NTPC,NSE,jugaad-data,1d
2025-10-14,336.95,341.75,336.75,339.25,8121744,NTPC,NSE,jugaad-data,1d
2025-10-15,342.0,342.0,342.0,341.5,1,NTPC,NSE,jugaad-data,1d
2025-10-16,341.5,344.2,340.15,341.0,7032129,NTPC,NSE,jugaad-data,1d
2025-10-19,341.4,344.45,340.3,341.95,6896835,NTPC,NSE,jugaad-data,1d
2025-10-20,342.95,343.5,341.05,342.0,346988,NTPC,NSE,jugaad-data,1d
2025-10-22,343.8,345.2,341.05,342.65,8710859,NTPC,NSE,jugaad-data,1d
2025-10-23,342.45,343.25,338.15,339.6,7584711,NTPC,NSE,jugaad-data,1d
2025-10-26,340.7,342.9,340.45,341.75,6752390,NTPC,NSE,jugaad-data,1d
2025-10-27,342.4,342.9,337.3,339.15,13186584,NTPC,NSE,jugaad-data,1d
2025-10-28,339.25,350.0,339.15,347.5,15423201,NTPC,NSE,jugaad-data,1d
2025-10-29,349.0,349.0,343.45,345.15,6721032,NTPC,NSE,jugaad-data,1d
2025-10-30,345.0,345.0,335.6,336.95,18651312,NTPC,NSE,jugaad-data,1d
2025-11-02,336.85,337.5,333.4,335.2,10242245,NTPC,NSE,jugaad-data,1d
2025-11-03,335.4,336.0,329.7,330.6,11887651,NTPC,NSE,jugaad-data,1d
2025-11-05,332.05,332.95,324.6,326.65,11587302,NTPC,NSE,jugaad-data,1d
2025-11-06,324.4,327.1,320.85,326.1,8578167,NTPC,NSE,jugaad-data,1d
2025-11-09,326.1,328.25,324.0,325.45,5246998,NTPC,NSE,jugaad-data,1d
2025-11-10,325.95,327.45,322.85,326.65,6103758,NTPC,NSE,jugaad-data,1d
2025-11-11,326.0,326.0,326.0,327.15,1,NTPC,NSE,jugaad-data,1d
2025-11-12,327.15,329.95,325.55,326.95,7276001,NTPC,NSE,jugaad-data,1d
2025-11-13,327.05,327.05,327.05,328.45,1,NTPC,NSE,jugaad-data,1d
2025-11-16,329.0,331.45,328.55,330.2,6283156,NTPC,NSE,jugaad-data,1d
2025-11-17,329.05,329.75,327.15,328.45,6776200,NTPC,NSE,jugaad-data,1d
2025-11-18,328.95,328.95,325.05,326.6,6935056,NTPC,NSE,jugaad-data,1d
2025-11-19,328.0,330.0,326.2,326.6,5155775,NTPC,NSE,jugaad-data,1d
2025-11-20,326.85,328.4,325.0,326.65,6142545,NTPC,NSE,jugaad-data,1d
2025-11-23,326.7,327.1,322.05,323.45,13719726,NTPC,NSE,jugaad-data,1d
2025-11-24,323.45,325.6,322.5,323.7,8074651,NTPC,NSE,jugaad-data,1d
2025-11-25,324.3,327.8,324.0,326.1,7101095,NTPC,NSE,jugaad-data,1d
2025-11-26,327.15,328.75,325.0,327.35,6755179,NTPC,NSE,jugaad-data,1d
2025-11-27,328.0,328.15,324.25,326.45,8930988,NTPC,NSE,jugaad-data,1d
2025-11-30,327.1,328.25,325.45,327.1,6936186,NTPC,NSE,jugaad-data,1d
2025-12-01,327.45,329.95,326.75,328.6,5806943,NTPC,NSE,jugaad-data,1d
2025-12-02,329.0,329.0,321.3,322.95,8546132,NTPC,NSE,jugaad-data,1d
2025-12-03,322.9,324.3,321.1,322.95,5965357,NTPC,NSE,jugaad-data,1d
2025-12-04,322.25,324.15,320.95,323.3,6574010,NTPC,NSE,jugaad-data,1d
2025-12-07,323.2,323.2,317.85,319.5,7906928,NTPC,NSE,jugaad-data,1d
2025-12-08,317.45,321.4,315.55,319.85,7152584,NTPC,NSE,jugaad-data,1d
2025-12-09,319.85,323.7,319.5,321.6,5484712,NTPC,NSE,jugaad-data,1d
2025-12-10,321.65,323.45,319.15,322.6,6317942,NTPC,NSE,jugaad-data,1d
2025-12-11,322.9,325.95,322.9,325.05,4261023,NTPC,NSE,jugaad-data,1d
2025-12-14,323.05,325.3,321.55,323.95,10219819,NTPC,NSE,jugaad-data,1d
2025-12-15,322.05,323.8,319.05,321.0,5241263,NTPC,NSE,jugaad-data,1d
2025-12-16,320.0,322.4,319.55,321.25,5043027,NTPC,NSE,jugaad-data,1d
2025-12-17,322.0,322.15,317.0,318.5,5554193,NTPC,NSE,jugaad-data,1d
2025-12-18,318.95,320.6,317.5,319.9,10833662,NTPC,NSE,jugaad-data,1d
2025-12-21,319.95,323.65,319.5,320.7,8925871,NTPC,NSE,jugaad-data,1d
2025-12-22,321.05,324.75,320.25,323.25,6024641,NTPC,NSE,jugaad-data,1d
2025-12-23,323.9,326.65,322.25,322.55,5678004,NTPC,NSE,jugaad-data,1d
2025-12-25,322.55,325.75,322.3,324.1,4174183,NTPC,NSE,jugaad-data,1d
2025-12-28,324.1,325.8,323.05,325.5,14043845,NTPC,NSE,jugaad-data,1d
2025-12-29,325.0,325.55,323.35,324.9,8035909,NTPC,NSE,jugaad-data,1d
2025-12-30,324.75,330.65,324.7,329.55,8497983,NTPC,NSE,jugaad-data,1d
2025-12-31,329.8,336.9,329.6,336.3,10357315,NTPC,NSE,jugaad-data,1d
2026-01-01,336.8,353.0,335.95,352.1,23128940,NTPC,NSE,jugaad-data,1d
2026-01-04,350.35,354.8,348.4,350.6,18248271,NTPC,NSE,jugaad-data,1d
2026-01-05,349.9,354.1,346.15,350.8,8641743,NTPC,NSE,jugaad-data,1d
2026-01-06,349.55,351.35,346.3,348.85,7165806,NTPC,NSE,jugaad-data,1d
2026-01-07,346.75,349.8,342.2,344.4,8805975,NTPC,NSE,jugaad-data,1d
2026-01-08,344.4,344.4,334.4,336.0,10161744,NTPC,NSE,jugaad-data,1d
2026-01-11,336.75,340.65,333.7,337.45,9406174,NTPC,NSE,jugaad-data,1d
2026-01-12,337.45,339.25,335.05,337.9,5583379,NTPC,NSE,jugaad-data,1d
2026-01-13,338.9,350.5,337.45,349.1,20389924,NTPC,NSE,jugaad-data,1d
2026-01-15,352.65,354.05,345.4,346.35,14275582,NTPC,NSE,jugaad-data,1d
2026-01-18,343.5,347.95,342.05,343.35,9974363,NTPC,NSE,jugaad-data,1d
2026-01-19,343.0,348.3,337.7,338.75,7718407,NTPC,NSE,jugaad-data,1d
2026-01-20,338.8,341.6,336.8,338.7,6948955,NTPC,NSE,jugaad-data,1d
2026-01-21,338.7,343.2,337.1,342.45,5885972,NTPC,NSE,jugaad-data,1d
2026-01-22,343.95,345.45,336.1,336.7,10084314,NTPC,NSE,jugaad-data,1d
2026-01-26,340.5,346.5,337.05,344.7,12203590,NTPC,NSE,jugaad-data,1d
2026-01-27,344.7,353.25,344.7,348.05,13566973,NTPC,NSE,jugaad-data,1d
2026-01-28,350.0,360.5,347.3,358.15,20624409,NTPC,NSE,jugaad-data,1d
2026-01-29,359.0,359.35,351.1,356.0,22641103,NTPC,NSE,jugaad-data,1d
2026-01-31,356.0,360.8,337.5,344.75,13976105,NTPC,NSE,jugaad-data,1d
2026-02-01,344.95,352.75,337.75,350.35,12622760,NTPC,NSE,jugaad-data,1d
2026-02-02,365.95,365.95,353.8,358.55,11559806,NTPC,NSE,jugaad-data,1d
2026-02-03,359.45,368.55,357.6,367.25,15515053,NTPC,NSE,jugaad-data,1d
2026-02-04,369.75,370.7,365.0,367.0,18789794,NTPC,NSE,jugaad-data,1d
2026-02-05,361.8,365.95,361.0,365.05,7328789,NTPC,NSE,jugaad-data,1d
2026-02-08,366.55,368.6,361.0,361.9,7983235,NTPC,NSE,jugaad-data,1d
2026-02-09,361.9,368.15,361.25,366.9,8319282,NTPC,NSE,jugaad-data,1d
2026-02-10,369.0,369.0,366.0,368.45,5782448,NTPC,NSE,jugaad-data,1d
2026-02-11,370.0,372.0,366.85,368.25,6763353,NTPC,NSE,jugaad-data,1d
2026-02-12,367.55,368.0,362.4,363.0,7111972,NTPC,NSE,jugaad-data,1d
2026-02-15,362.6,369.65,362.5,369.1,6292850,NTPC,NSE,jugaad-data,1d
2026-02-16,368.75,369.5,366.05,368.4,4442793,NTPC,NSE,jugaad-data,1d
2026-02-17,368.45,370.7,367.4,368.4,4871319,NTPC,NSE,jugaad-data,1d
2026-02-18,367.0,370.9,362.2,363.2,5375352,NTPC,NSE,jugaad-data,1d
2026-02-19,362.8,373.65,362.7,372.95,16736731,NTPC,NSE,jugaad-data,1d
2026-02-22,374.0,376.5,372.15,375.45,16135451,NTPC,NSE,jugaad-data,1d
2026-02-23,374.95,385.0,373.55,382.75,20774629,NTPC,NSE,jugaad-data,1d
2026-02-24,382.75,388.55,382.7,384.9,12750016,NTPC,NSE,jugaad-data,1d
2026-02-25,385.0,385.85,378.4,381.9,10721570,NTPC,NSE,jugaad-data,1d
2026-02-26,381.0,385.2,380.15,381.9,11548959,NTPC,NSE,jugaad-data,1d
2026-03-01,365.0,378.95,365.0,377.55,14732253,NTPC,NSE,jugaad-data,1d
2026-03-03,370.75,373.85,364.1,365.8,11433169,NTPC,NSE,jugaad-data,1d
2026-03-04,366.95,379.9,366.6,378.05,16158714,NTPC,NSE,jugaad-data,1d
2026-03-05,377.0,385.55,374.65,380.6,14940896,NTPC,NSE,jugaad-data,1d
2026-03-08,373.0,379.0,371.4,376.25,11286578,NTPC,NSE,jugaad-data,1d
2026-03-09,385.0,385.45,374.85,377.3,10875834,NTPC,NSE,jugaad-data,1d
2026-03-10,377.5,383.9,376.45,379.9,9963701,NTPC,NSE,jugaad-data,1d
2026-03-11,379.0,392.4,375.65,390.55,23847146,NTPC,NSE,jugaad-data,1d
2026-03-12,391.85,394.5,383.2,384.45,27107369,NTPC,NSE,jugaad-data,1d
2026-03-15,384.5,388.25,375.45,382.4,16793109,NTPC,NSE,jugaad-data,1d
2026-03-16,382.9,385.9,378.3,383.35,9720902,NTPC,NSE,jugaad-data,1d
2026-03-17,385.0,386.35,377.6,378.5,10681498,NTPC,NSE,jugaad-data,1d
2026-03-18,373.5,380.75,373.1,374.05,10568326,NTPC,NSE,jugaad-data,1d
2026-03-19,375.85,383.3,375.5,380.95,20930288,NTPC,NSE,jugaad-data,1d
2026-03-22,377.1,379.5,369.3,372.4,13148432,NTPC,NSE,jugaad-data,1d
2026-03-23,378.0,378.15,371.0,375.55,9339144,NTPC,NSE,jugaad-data,1d
2026-03-24,376.0,380.95,375.6,378.4,9266292,NTPC,NSE,jugaad-data,1d
2026-03-26,379.9,379.9,374.65,375.65,20263654,NTPC,NSE,jugaad-data,1d
2026-03-29,374.0,377.95,369.65,370.65,17974103,NTPC,NSE,jugaad-data,1d
2026-03-31,381.3,381.9,361.45,364.65,15449629,NTPC,NSE,jugaad-data,1d
2026-04-01,359.95,361.3,352.0,359.65,16551512,NTPC,NSE,jugaad-data,1d
2026-04-05,358.8,366.75,355.7,366.1,11534034,NTPC,NSE,jugaad-data,1d
2026-04-06,364.85,369.8,362.25,368.85,12603971,NTPC,NSE,jugaad-data,1d
2026-04-07,373.5,375.55,368.25,374.15,19491331,NTPC,NSE,jugaad-data,1d
2026-04-08,376.95,384.2,376.5,378.65,18503665,NTPC,NSE,jugaad-data,1d
2026-04-09,381.2,384.45,372.05,380.15,14953758,NTPC,NSE,jugaad-data,1d
2026-04-12,374.35,388.0,374.35,386.25,15240045,NTPC,NSE,jugaad-data,1d
2026-04-14,390.25,393.95,387.1,392.6,7722460,NTPC,NSE,jugaad-data,1d
2026-04-15,397.0,397.25,387.8,390.8,9896906,NTPC,NSE,jugaad-data,1d
2026-04-16,393.0,396.25,388.45,393.6,15320653,NTPC,NSE,jugaad-data,1d
2026-04-19,393.0,400.85,390.65,398.0,9895187,NTPC,NSE,jugaad-data,1d
2026-04-20,398.6,402.7,395.7,396.2,9493644,NTPC,NSE,jugaad-data,1d
2026-04-21,398.0,407.25,393.2,405.4,16411131,NTPC,NSE,jugaad-data,1d
2026-04-22,404.0,405.9,400.4,402.25,9144699,NTPC,NSE,jugaad-data,1d
2026-04-23,404.75,405.25,399.2,401.85,6266676,NTPC,NSE,jugaad-data,1d
2026-04-26,403.9,414.4,402.6,410.2,13001752,NTPC,NSE,jugaad-data,1d
2026-04-27,414.0,414.2,405.95,406.85,7726655,NTPC,NSE,jugaad-data,1d
2026-04-28,409.5,410.0,399.65,401.3,11920835,NTPC,NSE,jugaad-data,1d
2026-04-29,400.0,400.3,393.15,399.15,7706357,NTPC,NSE,jugaad-data,1d
2026-05-03,400.0,404.8,397.25,400.05,6333200,NTPC,NSE,jugaad-data,1d
2026-05-04,398.3,400.5,394.55,398.65,6791514,NTPC,NSE,jugaad-data,1d
2026-05-05,400.0,403.0,391.65,394.85,11120409,NTPC,NSE,jugaad-data,1d
2026-05-06,396.75,403.5,393.15,400.35,9700378,NTPC,NSE,jugaad-data,1d
2026-05-07,398.0,405.1,397.15,402.15,4740939,NTPC,NSE,jugaad-data,1d
2026-05-10,401.9,405.0,391.0,392.95,10088836,NTPC,NSE,jugaad-data,1d
2026-05-11,392.2,399.85,391.25,392.7,10247516,NTPC,NSE,jugaad-data,1d
2026-05-12,392.0,394.05,385.8,390.45,12322076,NTPC,NSE,jugaad-data,1d
2026-05-13,393.7,398.55,391.2,396.3,7363948,NTPC,NSE,jugaad-data,1d
2026-05-14,396.0,398.0,392.5,395.25,7107857,NTPC,NSE,jugaad-data,1d
2026-05-17,393.0,393.85,384.9,388.3,7632596,NTPC,NSE,jugaad-data,1d
2026-05-18,386.7,392.75,386.05,389.4,6693518,NTPC,NSE,jugaad-data,1d
2026-05-19,386.1,393.35,384.0,392.45,5386249,NTPC,NSE,jugaad-data,1d
2026-05-20,393.5,395.55,387.85,388.8,10596954,NTPC,NSE,jugaad-data,1d
2026-05-21,389.95,391.5,387.45,388.65,11755213,NTPC,NSE,jugaad-data,1d
2026-05-24,391.95,392.8,386.45,390.05,10489850,NTPC,NSE,jugaad-data,1d
2026-05-25,390.75,392.25,389.0,389.7,9062218,NTPC,NSE,jugaad-data,1d
2026-05-26,390.35,403.1,390.35,398.15,14418621,NTPC,NSE,jugaad-data,1d
2026-05-28,400.0,401.65,385.1,386.9,17003143,NTPC,NSE,jugaad-data,1d
2026-05-31,386.9,389.0,376.5,378.7,18408900,NTPC,NSE,jugaad-data,1d
2026-06-01,375.95,377.5,363.05,367.4,17496468,NTPC,NSE,jugaad-data,1d
2026-06-02,368.05,371.5,363.7,366.8,10825715,NTPC,NSE,jugaad-data,1d
2026-06-03,366.8,368.8,364.35,366.4,14363519,NTPC,NSE,jugaad-data,1d
2026-06-04,365.95,368.5,358.65,361.65,10277061,NTPC,NSE,jugaad-data,1d
2026-06-07,358.95,365.35,355.15,362.4,14933986,NTPC,NSE,jugaad-data,1d
2026-06-08,362.8,363.7,355.0,355.65,14246656,NTPC,NSE,jugaad-data,1d
2026-06-09,359.0,359.0,351.1,351.65,14939921,NTPC,NSE,jugaad-data,1d
2026-06-10,352.0,353.35,348.8,351.85,15079402,NTPC,NSE,jugaad-data,1d
2026-06-11,357.0,357.0,349.7,353.9,8740239,NTPC,NSE,jugaad-data,1d
2026-06-14,357.4,358.0,346.95,348.1,17190759,NTPC,NSE,jugaad-data,1d
2026-06-15,349.75,356.2,348.5,355.55,14555184,NTPC,NSE,jugaad-data,1d
2026-06-16,355.55,356.05,352.05,355.55,9299676,NTPC,NSE,jugaad-data,1d
2026-06-17,357.0,363.55,354.05,361.95,12260776,NTPC,NSE,jugaad-data,1d
2026-06-18,361.95,368.0,359.95,365.8,17465450,NTPC,NSE,jugaad-data,1d
2026-06-21,365.8,368.5,364.05,367.05,11946682,NTPC,NSE,jugaad-data,1d
2026-06-22,367.85,369.25,361.9,364.6,11696171,NTPC,NSE,jugaad-data,1d
2026-06-23,362.85,364.05,355.5,357.05,12770898,NTPC,NSE,jugaad-data,1d
2026-06-24,356.45,359.0,351.45,352.05,19767157,NTPC,NSE,jugaad-data,1d
2026-06-28,352.0,357.9,351.55,356.1,49895302,NTPC,NSE,jugaad-data,1d
2026-06-29,354.75,358.35,352.9,356.65,10291360,NTPC,NSE,jugaad-data,1d
2026-06-30,358.0,360.85,354.25,357.9,6915166,NTPC,NSE,jugaad-data,1d
2026-07-01,359.95,359.95,352.3,358.25,6513560,NTPC,NSE,jugaad-data,1d
2026-07-02,358.25,360.15,355.45,356.45,6588714,NTPC,NSE,jugaad-data,1d
2026-07-05,356.0,359.4,354.65,356.25,6204261,NTPC,NSE,jugaad-data,1d
2026-07-06,355.8,357.15,352.55,354.2,8149003,NTPC,NSE,jugaad-data,1d
2026-07-07,351.95,353.0,347.55,348.7,9572223,NTPC,NSE,jugaad-data,1d
2026-07-08,349.0,351.0,343.1,343.7,17821421,NTPC,NSE,jugaad-data,1d
2026-07-09,344.5,348.8,343.2,344.55,13016441,NTPC,NSE,jugaad-data,1d
2026-07-12,345.05,355.0,343.7,351.75,8226337,NTPC,NSE,jugaad-data,1d
2026-07-13,348.5,353.95,347.5,348.15,8579646,NTPC,NSE,jugaad-data,1d
2026-07-14,347.5,348.45,343.05,344.35,11352533,NTPC,NSE,jugaad-data,1d
2026-07-15,344.2,346.05,342.1,342.45,10347549,NTPC,NSE,jugaad-data,1d
2026-07-16,342.5,343.9,340.25,341.85,7612446,NTPC,NSE,jugaad-data,1d
2026-07-19,343.0,349.3,341.1,347.25,14463484,NTPC,NSE,jugaad-data,1d
2026-07-20,347.2,349.15,344.15,348.55,8575793,NTPC,NSE,jugaad-data,1d
2026-07-21,347.4,350.85,345.65,350.5,7035952,NTPC,NSE,jugaad-data,1d
2026-07-22,348.55,350.7,347.1,348.6,6863144,NTPC,NSE,jugaad-data,1d
2026-07-23,347.95,350.0,345.1,347.2,6300466,NTPC,NSE,jugaad-data,1d
2026-07-26,353.0,353.0,347.8,350.8,12350753,NTPC,NSE,jugaad-data,1d
2026-07-27,349.95,350.0,342.1,343.75,12409670,NTPC,NSE,jugaad-data,1d
2026-07-28,343.7,345.35,341.15,343.5,8471125,NTPC,NSE,jugaad-data,1d
2026-07-29,343.5,347.65,341.85,344.85,9943764,NTPC,NSE,jugaad-data,1d
2026-07-30,344.1,348.25,343.55,347.25,8519119,NTPC,NSE,jugaad-data,1d
2026-08-02,347.25,350.9,345.3,350.9,5460220,NTPC,NSE,jugaad-data,1d
2026-08-03,348.0,348.95,341.6,343.65,7201524,NTPC,NSE,jugaad-data,1d
2026-08-04,343.45,349.9,342.75,349.9,18554536,NTPC,NSE,jugaad-data,1d
2026-08-05,347.5,349.25,343.1,345.0,10079779,NTPC,NSE,jugaad-data,1d
2026-08-06,345.0,347.0,342.5,342.5,7012048,NTPC,NSE,jugaad-data,1d
2026-08-09,342.5,343.7,337.15,340.45,8818488,NTPC,NSE,jugaad-data,1d
2026-08-10,339.6,340.4,336.05,338.45,10043994,NTPC,NSE,jugaad-data,1d
2026-08-11,338.45,341.35,335.35,339.45,10152704,NTPC,NSE,jugaad-data,1d
2026-08-12,338.05,344.25,338.0,344.25,9672695,NTPC,NSE,jugaad-data,1d
2026-08-13,343.65,343.65,337.5,340.0,7507624,NTPC,NSE,jugaad-data,1d
